|||Columns||||||||||||
Rows|||Turkey||||||||||||
|||||||||||||||
|||01-January|02-February|03-March|04-April|05-May|06-June|07-July|08-August|09-September|10-October|11-November|12-December|
Consumer Price Index (2003=100)|01. (Food And Non-Alcoholic Beverages)|2005|111.95|112.92|113.03|111.94|111.95|110.12|108.85|108.77|110.23|112.71|116.39|116.08|
||2006|117.61|120.44|122.0|122.75|123.63|120.27|121.97|120.5|123.95|124.89|128.28|129.05|
||2007|134.78|136.94|137.79|139.09|136.78|134.13|133.18|135.43|138.53|143.26|144.05|144.57|
||2008|147.21|154.65|156.26|157.84|158.24|152.86|153.53|153.48|153.87|159.88|161.01|161.78|
||2009|164.15|164.18|170.6|170.0|170.32|167.66|166.59|163.97|164.32|169.18|172.92|176.76|
||2010|179.55|188.55|189.72|189.99|181.66|177.08|175.78|180.97|189.51|198.08|194.34|189.17|
||2011|192.22|197.1|196.3|195.36|204.57|191.47|189.22|191.83|193.73|201.56|208.16|212.26|
||2012|214.65|219.12|218.39|218.12|212.89|205.61|206.36|209.37|213.86|217.42|217.16|220.53|
||2013|229.35|231.38|236.09|233.02|227.94|232.09|232.61|230.82|232.52|241.62|238.38|241.85|
||2014|254.32|254.64|259.98|263.67|260.11|261.04|261.82|264.14|264.95|271.97|272.63|272.64|
||2015|282.23|289.53|296.69|301.53|293.44|285.26|286.05|289.79|293.38|295.6|298.57|302.27|
||2016|315.22|315.1|310.29|305.7|300.69|304.18|313.76|307.73|305.58|310.96|309.17|319.35|
||2017|339.7|342.57|349.18|353.47|351.53|347.81|345.34|344.57|343.79|350.57|357.95|363.38|
||2018|369.45|377.74|385.4|384.6|390.19|413.51|412.35|412.61|439.01|453.16|449.8|454.64|
||2019|483.87|488.24|500.14|507.12|501.16|492.9|487.44|483.68|480.79|488.73|489.8|504.14|
||2020|527.59|539.88|550.42|564.32|565.68|556.61|549.48|549.04|552.66|569.4|593.07|608.06|
||2021|623.16|639.2|646.41|660.16|662.08|667.88|686.41|708.25|711.76|725.45|753.88|874.42|
||2022|969.71|1051.29|1101.0|1248.33|1268.74|1295.25|1336.07|1347.48|1374.05|1443.99|1526.98|1555.31|
||2023|1658.23|1780.2|1848.51|1921.46|1935.1|1993.6|2147.27|2329.27|2406.5|2483.58|2552.51|2675.31|
||2024|2814.14|3046.31|3149.99|3237.61|3292.35|3350.79|3412.26|3374.74|3458.59|3608.18|3792.33|3841.32|
||2025|3989.45|4115.94|4319.13|4405.98|4374.64|4362.88|4366.15|4497.92|4705.79|4866.31|4832.88||
|011. (Food)|2005|111.72|112.75|112.85|111.65|111.63|109.66|108.24|108.11|109.6|112.21|116.11|115.7|
||2006|117.28|120.25|121.91|122.69|123.61|119.97|121.6|119.91|123.52|124.5|128.07|128.83|
||2007|134.85|137.07|137.92|139.28|136.85|133.97|132.91|135.21|138.41|143.41|144.2|144.69|
||2008|147.62|155.47|157.05|158.63|158.99|153.07|153.67|153.56|153.89|160.24|161.4|162.16|
||2009|164.64|164.59|171.44|170.75|170.99|168.06|166.87|164.06|164.4|169.54|173.52|177.59|
||2010|180.56|190.24|191.5|191.72|182.72|177.71|176.19|181.67|190.8|199.96|195.91|190.36|
||2011|193.58|198.74|197.84|196.83|206.72|192.48|189.91|192.64|194.55|202.83|209.76|214.03|
||2012|216.51|221.34|220.36|219.95|214.22|206.24|207.0|210.2|215.02|218.76|218.29|221.92|
||2013|231.4|233.57|238.59|235.25|229.64|234.09|234.64|232.65|234.37|244.15|240.52|244.14|
||2014|257.57|257.79|263.46|267.36|263.4|264.17|264.79|267.08|267.82|275.22|275.79|275.74|
||2015|286.11|293.83|301.47|306.65|297.52|288.49|289.15|292.84|296.37|298.65|301.8|305.74|
||2016|319.69|319.31|313.71|308.42|302.8|306.54|316.84|310.23|307.86|313.71|311.61|322.36|
||2017|344.22|346.94|353.91|358.03|355.38|351.16|348.07|346.91|345.84|352.82|360.87|366.83|
||2018|373.07|381.34|389.24|388.35|394.19|419.13|417.28|417.28|444.58|458.98|455.31|460.64|
||2019|492.36|497.04|509.94|517.38|510.45|501.0|494.02|489.45|485.14|493.61|494.72|510.17|
||2020|535.37|548.59|559.4|573.63|574.56|564.56|556.86|556.13|559.43|576.87|602.24|618.29|
||2021|634.06|651.2|658.96|673.24|674.45|679.72|699.08|721.97|724.36|738.1|767.61|894.57|
||2022|993.94|1078.58|1130.68|1284.8|1302.24|1320.75|1359.64|1366.6|1393.47|1466.74|1550.88|1581.46|
||2023|1690.88|1818.73|1889.31|1967.33|1980.42|2035.39|2189.08|2372.97|2448.59|2523.75|2594.35|2723.09|
||2024|2868.26|3110.59|3220.4|3313.2|3364.58|3423.68|3481.51|3425.67|3513.74|3662.54|3861.92|3909.87|
||2025|4059.18|4192.96|4407.12|4498.74|4456.22|4439.44|4432.92|4560.67|4772.77|4937.25|4900.19||
|012. (Non-Alcoholic Beverages)|2005|115.23|115.28|115.51|116.05|116.51|116.66|117.59|118.28|119.34|119.9|120.3|121.42|
||2006|122.18|122.74|122.82|123.05|123.27|124.29|127.18|129.12|130.17|130.38|130.95|131.83|
||2007|132.91|134.24|135.06|135.4|135.08|135.85|136.79|138.17|139.8|140.26|141.04|141.89|
||2008|140.31|141.44|143.57|144.99|146.08|148.77|150.48|151.45|152.67|153.53|154.17|155.14|
||2009|155.96|157.01|157.59|158.2|159.44|160.68|161.28|161.32|161.87|162.88|163.15|163.77|
||2010|164.31|164.27|164.23|165.16|165.68|166.73|168.24|169.67|170.43|171.23|171.59|171.34|
||2011|172.28|173.64|174.07|174.09|174.79|175.88|177.56|178.54|180.29|182.48|184.92|186.96|
||2012|188.29|188.57|190.68|191.97|192.56|193.25|193.85|194.67|195.31|196.82|198.92|199.37|
||2013|200.48|200.96|202.03|202.05|203.13|203.82|203.95|204.46|205.92|207.06|208.29|210.01|
||2014|211.27|212.79|214.18|215.42|216.55|219.26|221.82|224.44|226.02|228.54|230.26|230.8|
||2015|231.65|234.19|235.84|236.96|240.39|241.71|243.84|247.9|252.14|253.61|254.54|255.53|
||2016|257.54|260.1|263.76|266.71|268.18|269.01|270.65|271.02|271.19|271.48|272.95|276.86|
||2017|280.27|284.63|287.11|293.12|298.94|300.81|305.08|308.53|310.98|315.4|315.19|314.72|
||2018|318.65|326.99|331.76|332.05|334.67|339.15|345.69|348.91|364.56|375.5|375.66|374.92|
||2019|375.64|376.45|376.84|378.55|383.52|388.73|400.41|405.66|418.58|420.46|421.06|422.61|
||2020|426.48|428.25|435.54|445.49|451.48|452.62|451.85|454.64|461.51|470.17|474.72|477.87|
||2021|485.16|488.65|489.55|497.24|506.8|518.18|527.12|536.86|552.5|565.29|581.02|627.52|
||2022|675.7|721.59|743.94|813.13|864.7|976.14|1036.27|1095.11|1117.46|1149.24|1216.9|1220.21|
||2023|1248.98|1302.84|1344.27|1359.44|1378.71|1473.78|1622.33|1777.94|1870.22|1965.88|2014.3|2068.36|
||2024|2133.84|2248.09|2281.78|2310.18|2399.62|2448.95|2547.88|2710.57|2745.8|2899.01|2911.83|2970.47|
||2025|3101.77|3142.19|3215.72|3246.25|3342.95|3388.55|3503.14|3677.58|3832.38|3944.09|3952.78||
|02. (Alcoholic Beverages And Tobacco)|2005|121.95|124.33|124.53|124.6|124.6|124.69|127.15|148.6|148.6|148.61|148.62|155.93|
||2006|163.19|163.2|163.44|163.48|163.48|163.48|163.5|163.49|163.77|163.78|163.8|163.82|
||2007|163.83|167.94|180.06|180.11|180.13|180.16|180.22|180.22|180.26|180.26|191.99|192.0|
||2008|191.98|192.02|192.42|192.47|192.48|192.49|192.6|192.62|192.64|192.66|192.61|192.61|
||2009|192.63|192.82|206.12|206.16|206.24|206.27|228.73|232.69|232.7|233.02|232.99|232.88|
||2010|284.2|294.78|294.82|294.87|294.84|294.82|294.85|294.86|291.62|288.4|290.17|290.3|
||2011|290.3|290.33|290.43|290.42|290.39|290.4|290.42|290.45|290.77|331.8|344.03|344.0|
||2012|344.08|344.08|344.07|344.23|344.7|344.69|344.69|344.68|345.67|347.32|347.36|347.38|
||2013|396.91|400.2|400.18|400.16|400.17|400.14|399.8|399.86|399.92|396.99|394.43|383.94|
||2014|412.55|412.65|412.57|412.67|412.05|411.81|420.02|418.09|413.42|413.41|413.42|413.37|
||2015|430.69|428.79|428.76|428.83|428.86|428.83|433.8|435.34|436.87|436.83|436.85|436.87|
||2016|478.81|483.58|483.59|483.88|483.73|483.72|517.8|535.59|535.63|535.6|535.64|574.89|
||2017|588.45|588.6|588.59|588.65|588.66|588.7|591.0|591.27|591.32|591.32|591.4|591.36|
||2018|593.67|593.86|593.87|593.92|594.83|594.96|599.46|602.0|602.41|603.51|604.56|605.52|
||2019|609.26|609.94|609.99|651.31|709.14|709.43|714.76|851.35|866.61|866.63|866.66|866.65|
||2020|866.45|854.81|855.12|855.31|860.99|868.44|870.4|872.12|872.47|872.4|872.43|872.31|
||2021|878.17|879.35|879.67|886.09|885.96|885.88|886.1|887.73|888.14|941.17|941.45|1046.98|
||2022|1276.31|1281.95|1332.12|1385.71|1476.21|1514.77|1618.58|1620.0|1620.68|1674.14|1727.47|1728.66|
||2023|1922.07|1913.86|1914.9|1915.13|1920.5|2134.25|2372.57|2462.06|2709.08|2711.63|2960.04|2960.44|
||2024|3106.06|3121.3|3120.83|3419.12|3581.35|3583.98|3793.2|3962.5|4127.41|4125.76|4124.01|4123.21|
||2025|4165.35|4164.84|4579.45|4576.59|4579.52|4586.04|4847.18|5139.92|5138.41|5262.63|5389.93||
|021. (Alcoholic Beverages)|2005|134.46|157.07|160.2|161.32|161.36|162.77|162.91|162.88|162.83|163.04|163.15|163.33|
||2006|163.54|163.64|167.45|168.03|168.05|168.04|168.41|168.26|172.71|172.8|173.14|173.42|
||2007|173.56|175.8|179.06|179.89|180.23|180.74|181.67|181.76|182.29|182.4|186.56|186.77|
||2008|186.44|187.02|193.37|194.24|194.37|194.51|196.21|196.62|196.93|197.25|196.46|196.38|
||2009|196.72|199.82|200.36|201.0|202.37|202.78|203.08|203.08|203.16|208.51|207.96|206.1|
||2010|226.62|227.24|228.1|229.12|228.66|228.15|228.7|229.01|229.04|229.38|266.55|269.26|
||2011|269.28|269.86|271.55|271.39|270.85|270.97|271.4|271.8|277.48|301.47|314.45|313.9|
||2012|315.14|315.13|315.05|317.61|324.9|324.74|324.75|324.65|340.29|366.22|366.82|367.21|
||2013|374.94|375.72|375.48|375.14|375.36|374.88|380.27|381.23|382.15|386.49|386.39|386.2|
||2014|416.54|418.08|416.81|418.41|417.0|416.71|425.72|435.12|435.04|434.9|435.12|434.26|
||2015|466.86|468.68|468.26|469.34|469.73|469.27|484.45|488.26|488.65|488.16|488.41|488.72|
||2016|541.07|546.36|546.57|551.15|548.74|548.59|563.86|567.26|567.95|567.51|568.14|608.49|
||2017|610.03|612.47|612.32|613.26|613.39|614.04|651.02|655.32|656.15|656.16|657.37|656.8|
||2018|694.48|697.53|697.76|698.48|713.37|715.38|788.8|799.34|806.07|823.97|841.11|856.77|
||2019|919.72|931.2|932.07|932.36|933.13|936.35|1015.36|1018.8|1019.54|1019.92|1020.34|1020.27|
||2020|1016.07|1013.75|1020.15|1024.12|1025.29|1025.51|1062.57|1090.03|1092.51|1091.01|1091.62|1089.14|
||2021|1203.82|1224.5|1228.37|1227.54|1225.05|1223.5|1227.82|1259.64|1267.63|1267.68|1273.25|1287.44|
||2022|1729.43|1842.65|1839.49|1862.28|1910.41|2379.43|2386.76|2415.38|2424.11|2477.0|2492.61|2516.63|
||2023|2929.56|3110.4|3128.21|3132.1|3223.77|3238.41|3644.66|3865.02|3854.36|3897.81|3889.43|3896.28|
||2024|4809.4|5088.88|5080.27|5060.54|5228.8|5276.96|6186.77|6255.02|6197.95|6167.58|6135.59|6120.97|
||2025|6902.51|6892.93|6949.38|6884.39|6921.97|6956.94|7776.23|7978.5|7950.54|7935.83|7903.36||
|022. (Tobacco)|2005|121.03|122.06|122.06|122.06|122.06|122.06|124.67|147.54|147.54|147.54|147.54|155.32|
||2006|163.05|163.05|163.05|163.05|163.05|163.05|163.05|163.05|163.05|163.05|163.05|163.05|
||2007|163.05|167.28|179.96|179.96|179.96|179.96|179.96|179.96|179.96|179.96|192.16|192.16|
||2008|192.16|192.16|192.16|192.16|192.16|192.16|192.16|192.16|192.16|192.16|192.16|192.16|
||2009|192.16|192.16|206.27|206.27|206.27|206.27|230.14|234.35|234.35|234.35|234.35|234.35|
||2010|287.24|298.32|298.32|298.32|298.32|298.32|298.32|298.32|294.92|291.52|291.52|291.52|
||2011|291.52|291.52|291.52|291.52|291.52|291.52|291.52|291.52|291.52|333.58|345.76|345.76|
||2012|345.76|345.76|345.76|345.76|345.76|345.76|345.76|345.76|345.76|345.76|345.76|345.76|
||2013|398.1|401.55|401.55|401.55|401.55|401.55|400.82|400.82|400.82|397.4|394.68|383.48|
||2014|411.95|411.95|411.95|411.95|411.39|411.16|419.31|416.63|411.65|411.65|411.65|411.65|
||2015|427.89|425.72|425.72|425.72|425.72|425.72|429.98|431.36|432.97|432.97|432.97|432.97|
||2016|474.17|478.9|478.9|478.9|478.9|478.9|514.22|532.95|532.95|532.95|532.95|572.08|
||2017|586.43|586.43|586.43|586.43|586.43|586.43|586.43|586.43|586.43|586.43|586.43|586.43|
||2018|586.43|586.43|586.43|586.43|586.43|586.43|586.43|588.44|588.44|588.44|588.44|588.44|
||2019|588.44|588.44|588.44|632.26|693.56|693.67|694.34|839.04|855.18|855.18|855.18|855.18|
||2020|855.18|843.13|843.13|843.13|849.01|856.79|856.98|857.4|857.65|857.65|857.65|857.65|
||2021|857.65|857.78|857.91|864.69|864.69|864.69|864.69|864.69|864.69|920.39|920.39|1030.44|
||2022|1247.78|1247.78|1300.55|1355.54|1447.92|1463.83|1572.28|1572.28|1572.54|1625.82|1680.91|1680.91|
||2023|1860.8|1840.82|1840.82|1840.82|1840.82|2067.12|2295.17|2376.58|2639.83|2639.83|2904.41|2904.41|
||2024|3005.68|3005.68|3005.68|3322.1|3483.87|3483.87|3652.55|3827.57|4005.15|4005.15|4005.15|4005.15|
||2025|4005.15|4005.15|4439.72|4440.4|4441.35|4446.25|4675.34|4972.92|4972.92|5104.92|5241.18||
|03. (Clothing And Footwear)|2005|110.77|103.13|99.69|108.26|117.82|118.78|109.93|104.36|105.56|113.21|117.21|116.52|
||2006|109.24|100.26|97.33|106.27|117.83|118.82|110.58|102.93|105.42|115.61|121.16|118.74|
||2007|108.73|101.69|101.41|112.88|125.69|127.32|117.5|109.12|110.89|120.0|125.16|123.59|
||2008|110.96|103.27|105.13|117.42|131.5|130.96|120.48|113.19|113.77|123.4|126.65|121.69|
||2009|111.67|105.44|105.51|117.06|130.48|129.45|121.74|115.38|114.21|123.79|129.42|125.81|
||2010|115.49|109.43|110.19|121.85|135.45|135.93|128.87|122.7|119.99|129.15|134.15|131.77|
||2011|121.54|115.28|116.17|128.84|143.89|144.81|137.8|131.81|127.54|137.73|145.43|142.28|
||2012|131.07|125.74|127.08|143.86|156.23|154.95|148.16|141.35|137.64|147.02|156.25|153.91|
||2013|143.22|134.11|135.26|152.5|165.99|163.1|155.46|149.84|146.43|160.43|165.68|161.41|
||2014|149.16|141.61|145.13|164.14|179.22|176.98|171.18|162.76|158.79|174.59|181.76|175.02|
||2015|162.8|152.09|153.7|172.6|189.96|187.45|178.13|170.44|165.74|184.69|194.6|190.75|
||2016|177.96|167.0|167.58|188.69|203.87|201.16|192.84|183.8|177.39|195.9|203.53|198.34|
||2017|184.48|178.3|181.85|198.45|210.3|207.68|200.39|194.19|195.75|218.28|226.52|221.1|
||2018|207.78|199.29|201.38|222.32|233.91|231.23|224.14|220.58|229.34|258.56|264.7|253.89|
||2019|233.7|222.45|223.47|235.45|245.08|241.24|233.52|230.94|235.87|263.47|270.55|265.38|
||2020|247.73|235.76|237.29|246.98|263.9|266.95|257.67|252.23|252.16|269.32|273.24|264.54|
||2021|252.97|250.63|254.93|274.23|279.07|285.77|279.67|271.06|270.62|291.07|296.01|317.78|
||2022|317.02|317.97|323.64|346.17|362.23|362.89|369.42|374.15|379.63|411.28|405.43|399.98|
||2023|393.88|386.93|379.52|394.01|432.83|439.11|453.1|490.5|503.18|572.29|570.51|562.93|
||2024|553.89|555.0|569.66|595.75|652.93|649.16|632.39|634.61|657.67|751.82|749.91|744.87|
||2025|706.36|670.64|654.04|696.54|745.1|743.1|699.84|694.85|722.1|811.8|817.35||
|031. (Clothing)|2005|109.61|101.85|97.89|105.61|117.0|118.21|108.62|102.94|103.08|111.17|114.87|113.65|
||2006|106.36|96.99|94.05|103.51|117.46|118.84|109.99|102.1|102.6|112.98|118.89|116.12|
||2007|105.82|98.62|97.56|108.56|123.53|125.32|115.14|106.83|106.86|115.66|120.89|119.06|
||2008|107.13|99.43|100.53|112.1|128.6|128.23|117.98|110.59|109.4|118.68|121.98|116.98|
||2009|107.1|101.11|100.87|111.61|126.64|126.24|119.23|112.57|109.36|118.82|124.76|121.25|
||2010|111.21|105.21|105.44|117.18|132.78|133.73|126.87|120.4|116.19|125.01|130.13|127.58|
||2011|116.96|111.05|111.67|124.44|141.86|143.16|136.14|129.68|123.99|133.72|141.77|138.06|
||2012|127.07|121.74|122.4|139.15|153.43|151.74|145.23|138.92|133.66|142.77|152.47|149.51|
||2013|138.63|130.09|130.55|148.12|162.69|159.35|151.72|146.12|140.89|155.66|161.03|156.01|
||2014|144.03|136.96|139.27|158.45|175.48|172.76|166.92|158.47|152.7|168.61|176.06|168.65|
||2015|156.76|146.69|147.25|166.14|185.07|182.3|173.05|165.29|158.76|177.93|188.12|183.31|
||2016|170.6|160.4|159.72|180.76|197.63|195.03|187.33|177.92|170.08|188.98|196.95|191.27|
||2017|177.38|171.6|174.84|191.32|203.81|201.02|193.5|187.28|188.96|211.22|219.66|213.91|
||2018|200.5|192.08|194.18|216.22|227.24|224.64|217.32|213.49|222.3|252.34|258.36|246.28|
||2019|224.46|211.52|211.72|223.56|233.67|229.92|222.15|219.51|224.25|252.15|258.45|253.09|
||2020|235.24|223.33|224.46|237.15|255.43|256.58|245.69|239.94|240.7|259.44|262.83|253.91|
||2021|242.31|239.48|243.61|263.91|270.28|277.86|271.83|263.09|262.17|282.21|286.17|309.09|
||2022|306.05|305.23|309.52|331.57|349.02|349.03|353.69|358.1|362.71|395.97|387.73|382.95|
||2023|376.21|367.92|359.07|372.87|420.02|427.57|442.06|476.8|488.05|556.48|555.37|546.8|
||2024|534.96|533.65|550.13|573.78|631.73|629.04|613.44|613.47|635.61|736.54|738.63|740.37|
||2025|699.92|656.3|635.08|680.89|736.66|733.17|683.65|676.34|704.62|799.27|802.22||
|032. (Footwear)|2005|114.09|106.78|104.85|115.87|120.16|120.38|113.66|108.45|112.66|119.04|123.94|124.78|
||2006|117.56|109.86|106.95|114.28|118.35|118.12|111.81|104.94|113.6|123.13|127.53|126.2|
||2007|117.25|110.79|113.08|126.01|131.58|132.65|124.11|115.59|123.1|133.12|137.98|137.32|
||2008|122.48|114.93|119.37|133.97|139.48|138.33|127.25|120.43|127.12|137.8|140.81|136.09|
||2009|125.79|118.84|120.03|134.26|141.53|138.21|128.17|123.04|129.29|139.06|143.49|139.58|
||2010|128.47|122.37|125.05|136.11|141.95|140.64|133.03|128.14|131.11|141.25|145.7|144.0|
||2011|135.46|128.06|129.92|141.91|147.96|147.46|140.66|136.49|137.52|149.17|155.41|154.36|
||2012|142.61|137.35|141.06|157.62|163.14|163.31|155.66|147.19|148.98|159.12|166.53|166.42|
||2013|156.63|145.67|149.24|164.96|174.38|173.16|165.61|160.04|163.12|174.13|178.82|177.29|
||2014|164.32|155.23|163.05|181.01|188.74|188.26|182.74|174.64|177.23|192.3|198.25|194.09|
||2015|180.94|168.15|173.61|192.09|203.19|201.7|192.38|185.14|187.29|204.95|213.59|213.34|
||2016|200.65|187.11|192.48|213.21|221.48|218.44|207.99|200.65|199.89|216.37|222.46|219.29|
||2017|206.09|198.53|203.17|219.64|228.41|226.61|220.53|214.64|215.69|238.41|245.52|241.67|
||2018|229.19|220.7|222.69|238.54|251.99|249.08|243.16|240.74|249.01|274.03|280.42|275.0|
||2019|261.54|257.03|261.13|273.27|280.8|276.74|269.44|267.13|272.63|298.31|308.09|303.8|
||2020|287.23|275.3|278.25|276.96|288.63|298.47|295.13|290.93|287.89|298.99|304.78|297.0|
||2021|286.21|286.22|291.06|304.74|302.49|304.82|298.76|291.25|292.98|314.13|323.11|338.51|
||2022|348.0|356.86|368.38|391.79|400.65|404.22|418.77|424.64|433.7|456.33|461.56|453.38|
||2023|450.19|449.02|447.88|464.55|467.46|468.27|479.57|526.37|544.43|613.41|608.95|605.8|
||2024|608.36|619.19|625.92|660.79|712.67|704.7|683.87|694.86|720.68|783.89|765.98|733.84|
||2025|704.48|701.33|703.66|731.39|749.63|753.6|736.7|741.11|763.21|829.89|845.49||
|04. (Housing, Water, Electricity, Gas And Other Fuels)|2005|115.51|116.11|117.37|117.82|117.47|118.14|119.17|120.25|122.41|124.21|125.51|126.06|
||2006|127.66|129.22|130.0|130.27|130.92|133.77|136.12|137.72|139.12|140.91|142.74|143.76|
||2007|145.46|146.18|146.77|147.17|147.72|148.3|149.12|150.17|151.62|152.6|158.72|160.26|
||2008|167.09|167.74|168.36|169.57|170.26|172.48|181.69|185.55|186.84|193.93|197.97|196.92|
||2009|198.29|196.32|196.08|194.05|190.34|191.67|192.3|193.73|194.96|199.1|200.48|201.47|
||2010|204.52|205.32|205.73|205.97|206.77|207.72|208.3|208.61|209.3|209.69|210.91|213.37|
||2011|214.61|214.32|215.14|215.98|217.15|217.67|217.79|218.96|220.34|228.25|229.64|230.86|
||2012|233.9|235.3|236.84|244.29|244.39|244.72|243.22|244.88|246.9|255.07|256.49|257.11|
||2013|258.91|259.55|260.14|260.56|260.46|261.19|262.35|263.24|265.05|266.0|267.16|269.55|
||2014|270.87|272.11|272.73|273.39|274.37|275.02|276.55|277.42|278.79|286.99|287.58|287.95|
||2015|291.19|292.52|294.63|295.84|297.19|298.09|299.08|300.13|301.88|304.33|305.97|307.28|
||2016|312.53|313.65|314.16|315.33|316.53|318.01|319.08|320.59|321.92|321.16|323.94|327.01|
||2017|332.97|336.91|338.37|339.09|340.46|341.51|343.02|345.46|348.08|351.34|355.72|358.47|
||2018|366.86|368.78|370.39|375.15|378.73|382.64|386.86|401.77|424.11|441.7|443.79|443.54|
||2019|429.81|429.84|430.98|432.57|434.32|435.43|448.94|458.1|467.95|484.55|486.29|487.44|
||2020|493.27|495.65|496.96|495.39|497.06|500.54|505.21|510.03|514.76|525.13|530.64|534.18|
||2021|550.29|553.6|557.45|562.76|567.03|573.7|602.77|608.49|622.72|636.97|656.84|686.8|
||2022|816.66|828.85|844.12|906.81|927.17|1004.5|1024.47|1045.5|1149.98|1179.49|1201.03|1235.1|
||2023|1275.95|1292.22|1317.8|1298.41|1119.36|1152.79|1222.27|1306.51|1381.78|1485.92|1651.9|1733.98|
||2024|1862.79|1926.26|1992.11|2019.68|2162.66|2244.67|2425.99|2632.54|2734.12|2814.23|2881.78|2931.02|
||2025|3146.2|3290.27|3359.26|3515.72|3621.0|3715.79|3930.4|4035.02|4138.33|4248.26|4320.35||
|041. (Actual Rentals For Housing)|2005|133.14|134.79|136.23|137.22|138.92|141.32|144.04|147.83|151.3|154.0|155.8|157.42|
||2006|159.49|162.26|163.84|165.52|167.5|169.88|173.56|177.0|181.21|184.22|186.84|188.92|
||2007|191.92|194.45|196.37|198.45|200.8|202.91|205.81|208.71|212.17|215.33|217.52|219.17|
||2008|221.53|223.73|225.29|227.02|228.96|231.46|234.0|236.52|239.75|242.66|244.18|245.14|
||2009|246.98|248.05|248.84|249.68|250.68|251.68|252.86|254.16|255.29|256.48|257.43|258.09|
||2010|259.11|259.84|260.58|261.22|261.8|262.28|263.42|264.5|265.7|266.77|267.78|268.31|
||2011|269.31|270.23|271.2|271.97|272.9|273.89|275.05|275.93|277.59|279.03|280.21|280.96|
||2012|281.93|282.91|283.46|284.55|285.5|287.05|288.48|290.21|291.6|293.54|295.21|296.29|
||2013|297.54|298.62|299.99|301.5|302.87|304.75|306.3|308.02|309.94|311.75|313.86|315.56|
||2014|317.12|318.48|319.67|321.13|323.04|325.48|327.65|329.92|332.79|335.33|336.95|338.72|
||2015|340.63|342.26|343.69|345.63|347.76|349.78|352.5|355.12|358.09|360.65|363.26|364.9|
||2016|367.72|369.7|371.46|374.64|377.52|380.66|383.45|386.79|390.14|393.52|395.93|398.85|
||2017|402.21|404.44|406.37|408.55|411.66|414.2|417.84|421.01|425.59|429.14|432.79|435.6|
||2018|439.17|441.59|444.25|447.53|450.71|454.04|459.33|464.09|468.29|472.13|475.07|477.48|
||2019|483.82|486.57|489.21|492.19|496.11|500.36|506.03|511.22|515.8|519.41|522.62|525.49|
||2020|531.47|535.78|538.69|540.94|543.35|546.49|551.94|556.85|560.79|565.45|569.47|573.13|
||2021|580.19|585.08|588.44|591.93|596.17|600.78|606.68|613.76|621.66|628.6|636.01|643.07|
||2022|660.79|675.49|686.71|699.54|715.5|737.75|769.01|802.85|846.58|887.82|917.36|945.76|
||2023|1037.93|1065.53|1117.68|1166.53|1226.59|1297.74|1397.23|1507.6|1651.08|1781.61|1888.02|1972.63|
||2024|2198.76|2354.09|2503.01|2618.5|2761.59|2902.27|3106.51|3335.71|3589.99|3787.55|3945.87|4059.98|
||2025|4411.61|4642.57|4800.06|4953.88|5107.42|5310.35|5558.99|5815.3|6070.7|6297.96|6455.01||
|043. (Maintenance And Repair Of The Dwelling)|2005|112.68|114.02|114.83|115.29|115.47|115.94|116.29|116.19|116.18|116.18|116.47|116.97|
||2006|117.36|117.83|117.34|117.6|119.11|123.4|126.46|127.53|128.22|128.72|128.98|129.47|
||2007|129.5|129.81|130.1|130.57|130.7|130.75|131.12|131.84|132.65|133.12|133.65|134.02|
||2008|134.1|134.79|135.48|136.65|138.38|139.93|141.93|143.49|144.25|145.08|146.2|147.36|
||2009|147.73|148.24|148.7|149.06|149.12|149.39|149.6|150.04|150.37|150.87|151.25|151.5|
||2010|151.69|152.11|152.5|152.75|152.94|153.2|153.34|153.6|154.06|154.5|155.09|155.55|
||2011|156.24|157.05|157.94|158.71|159.52|159.98|160.56|161.35|162.49|163.65|164.51|165.67|
||2012|166.65|168.37|169.56|171.37|172.57|173.36|173.86|174.52|175.04|175.76|176.41|177.1|
||2013|177.94|179.53|180.99|181.51|182.05|182.56|183.58|184.51|185.98|187.21|188.19|188.49|
||2014|190.59|194.51|197.0|198.18|199.89|200.86|201.75|202.54|203.36|204.35|205.25|205.99|
||2015|207.38|208.96|210.83|212.54|214.09|215.26|216.64|217.69|219.86|221.89|223.21|224.72|
||2016|226.47|228.15|229.56|231.54|233.28|234.72|235.55|236.76|237.76|238.7|240.28|245.33|
||2017|251.2|258.53|262.75|265.55|267.67|269.55|271.87|274.5|277.24|281.23|287.89|294.38|
||2018|302.07|308.66|311.93|317.77|325.46|335.04|341.6|357.88|408.66|430.03|434.86|436.82|
||2019|438.43|438.95|438.76|441.17|447.19|450.76|453.17|456.02|457.97|460.74|462.03|463.24|
||2020|464.17|465.16|467.08|469.88|471.91|476.69|481.76|490.32|506.63|523.54|545.85|556.66|
||2021|566.53|574.65|589.09|616.64|630.41|669.06|698.29|716.74|735.41|762.78|832.49|990.06|
||2022|1102.5|1161.97|1216.25|1282.31|1320.39|1363.7|1384.45|1400.12|1424.56|1444.05|1461.67|1476.77|
||2023|1516.42|1537.71|1561.11|1583.73|1614.49|1666.59|1829.26|1945.74|2002.54|2059.57|2095.5|2155.2|
||2024|2255.75|2336.2|2414.72|2485.91|2552.95|2582.05|2669.5|2726.16|2775.58|2805.25|2844.61|2890.91|
||2025|3022.77|3121.82|3162.02|3270.09|3345.0|3392.15|3472.21|3543.78|3610.89|3662.53|3700.85||
|044. (Water Supply And Miscellaneous Services Relating To The Dwelling)|2005|111.0|110.82|111.06|105.29|103.16|103.53|102.27|103.21|103.71|103.94|104.07|104.24|
||2006|107.78|110.37|110.57|110.74|110.26|111.37|112.96|113.48|113.47|114.8|115.15|115.29|
||2007|120.25|121.06|121.41|121.89|123.02|123.68|123.98|124.06|125.03|125.29|142.88|143.12|
||2008|147.1|147.4|148.14|149.27|150.75|151.13|151.39|154.62|146.85|148.2|149.05|149.16|
||2009|159.16|159.01|159.2|159.33|159.99|162.91|163.07|167.63|170.58|170.64|170.79|170.91|
||2010|176.52|176.43|178.19|178.19|180.24|183.3|183.44|183.21|183.12|183.37|184.85|187.91|
||2011|192.65|188.78|189.53|190.1|190.91|192.91|192.17|192.14|193.04|194.04|197.02|198.6|
||2012|206.08|206.66|207.2|208.1|209.2|213.91|204.35|204.32|204.26|205.34|207.41|207.98|
||2013|216.98|218.74|219.67|220.62|221.05|222.08|223.1|223.84|223.87|224.82|226.74|227.13|
||2014|228.87|231.45|232.24|233.79|238.27|239.08|243.07|244.81|245.19|248.81|251.87|251.27|
||2015|268.81|271.88|273.34|275.45|278.51|280.02|279.91|280.81|282.02|283.98|285.83|288.43|
||2016|293.32|296.39|296.72|297.71|298.97|301.67|302.37|305.36|305.55|305.77|308.18|309.75|
||2017|323.34|328.55|330.61|332.45|334.84|335.75|337.06|337.77|338.9|340.22|343.81|344.48|
||2018|349.16|351.22|353.77|358.12|362.1|366.33|371.72|375.77|378.01|383.8|386.49|384.72|
||2019|365.41|358.65|358.12|359.51|354.02|346.65|344.48|347.02|348.49|351.11|351.13|350.19|
||2020|371.08|375.11|374.64|368.52|366.55|372.95|382.14|392.4|396.72|397.63|398.9|401.69|
||2021|430.42|432.95|433.88|435.26|436.71|438.31|441.97|445.45|468.55|470.66|474.74|482.14|
||2022|539.39|555.02|572.69|654.16|696.54|720.17|753.99|774.74|828.62|888.01|917.6|1013.2|
||2023|1116.84|1122.07|1144.21|1164.1|1172.02|1184.88|1256.32|1349.65|1409.25|1520.89|1565.01|1621.74|
||2024|1701.12|1720.17|1746.43|1766.51|1762.49|1986.17|2055.54|2109.02|2145.04|2173.51|2189.92|2201.38|
||2025|2648.19|2726.68|2787.41|2833.76|3035.95|3186.89|3242.48|3284.26|3336.32|3415.56|3472.29||
|045. (Electricity, Gas And Other Fuels)|2005|109.32|109.66|111.21|113.35|112.71|112.83|113.99|114.22|116.68|118.85|120.44|120.69|
||2006|121.66|122.53|123.34|123.06|123.37|126.75|128.68|129.91|130.67|132.28|134.47|135.4|
||2007|135.72|135.74|135.9|135.56|135.24|135.25|135.45|136.09|136.99|137.39|142.14|144.27|
||2008|155.11|155.24|155.4|156.4|156.1|158.94|175.23|180.24|184.01|195.91|202.59|199.89|
||2009|198.42|194.13|193.18|188.83|181.05|182.19|182.84|183.47|184.34|191.72|193.88|195.43|
||2010|199.25|200.51|200.25|200.37|200.98|201.54|202.11|202.24|203.0|203.09|204.46|208.16|
||2011|208.41|208.45|209.18|210.19|211.72|211.48|211.2|213.07|214.52|230.36|231.44|232.81|
||2012|236.1|237.97|240.55|255.7|254.64|252.59|251.63|254.14|257.69|274.2|275.46|275.82|
||2013|275.68|275.36|275.1|274.63|273.24|273.24|274.27|274.68|277.17|277.51|277.87|282.04|
||2014|282.76|282.46|282.0|281.57|280.28|279.51|279.85|279.44|280.37|296.71|295.52|295.19|
||2015|294.24|294.58|297.45|297.64|297.72|297.53|297.68|297.74|298.72|301.42|302.43|302.92|
||2016|311.04|310.65|310.11|309.75|309.65|309.58|309.73|309.59|310.16|305.77|309.32|312.35|
||2017|317.1|320.49|320.39|318.93|318.42|318.2|318.03|320.57|322.37|325.93|330.29|332.47|
||2018|346.06|345.9|345.77|351.35|353.57|355.71|357.87|383.95|417.14|447.97|448.24|445.91|
||2019|414.79|415.13|416.25|416.66|418.03|419.07|447.38|463.8|482.99|518.35|519.81|520.47|
||2020|521.29|521.81|522.36|518.26|520.74|522.88|524.87|526.18|528.24|545.31|548.76|550.33|
||2021|568.38|569.33|572.34|575.44|578.68|581.37|644.76|646.97|660.08|683.9|710.05|738.56|
||2022|1003.84|1000.38|1008.15|1102.57|1110.93|1269.72|1272.26|1283.09|1482.95|1488.99|1500.0|1511.9|
||2023|1482.18|1491.81|1495.58|1392.96|892.07|896.76|920.25|970.49|994.9|1080.4|1370.0|1463.12|
||2024|1542.73|1552.73|1570.27|1532.26|1727.97|1736.65|1947.35|2205.54|2231.59|2255.9|2281.32|2297.45|
||2025|2325.18|2436.52|2445.32|2658.13|2690.44|2686.92|2969.45|2987.48|2999.87|3042.76|3061.53||
|05. (Furnishings, Household Equipment, Routine Maintenance Of The House)|2005|111.4|112.24|112.15|112.82|113.48|114.61|114.26|113.93|112.33|114.43|115.4|116.61|
||2006|117.01|115.14|114.65|115.37|115.89|117.46|120.77|123.11|125.11|125.56|124.96|125.13|
||2007|125.25|126.19|128.43|127.91|130.28|130.59|130.89|130.84|129.22|129.54|130.1|130.35|
||2008|131.15|132.28|133.76|134.45|137.28|138.71|140.07|140.07|140.55|141.1|143.03|143.87|
||2009|143.45|142.02|139.97|136.73|136.47|136.39|137.61|137.85|138.11|141.57|140.53|140.02|
||2010|141.02|140.86|140.23|141.15|141.36|141.89|142.77|142.74|143.42|143.25|144.12|144.6|
||2011|146.08|147.42|148.8|151.42|151.82|152.66|153.08|154.35|155.77|158.28|160.1|160.56|
||2012|163.1|164.8|166.3|167.64|166.84|167.66|166.87|168.06|168.47|169.31|169.66|170.02|
||2013|171.86|173.6|173.76|174.53|174.15|174.51|174.76|174.74|176.08|178.86|179.79|180.13|
||2014|182.93|185.36|187.03|189.96|189.66|190.54|190.99|191.58|192.36|192.75|194.41|194.64|
||2015|198.56|199.02|200.15|202.85|204.51|204.32|207.59|208.06|210.48|213.41|214.82|215.96|
||2016|219.9|220.99|222.35|223.91|223.29|224.24|224.63|225.22|225.48|226.82|226.54|229.43|
||2017|233.45|231.88|234.2|236.41|238.24|239.39|240.89|244.89|245.97|253.24|255.64|258.65|
||2018|264.95|268.2|270.3|276.01|278.42|284.66|289.85|303.08|337.67|349.28|339.32|339.77|
||2019|341.98|342.2|343.23|352.31|346.74|348.73|363.5|364.09|366.9|370.44|372.62|373.05|
||2020|367.66|367.37|369.64|373.66|377.94|382.69|391.78|396.51|408.5|418.52|425.61|440.35|
||2021|453.13|454.58|457.03|456.88|460.3|481.01|480.72|487.34|503.56|514.9|532.59|620.66|
||2022|700.24|749.27|773.57|811.62|838.1|871.32|905.43|935.78|955.13|997.0|1027.0|1073.84|
||2023|1133.71|1154.73|1186.24|1204.43|1216.35|1248.05|1359.26|1486.5|1564.03|1604.74|1641.76|1701.63|
||2024|1826.36|1881.27|1942.12|2021.99|2059.75|2093.22|2128.29|2151.64|2194.21|2234.07|2296.82|2360.58|
||2025|2471.41|2513.4|2571.63|2639.44|2671.36|2725.06|2769.53|2791.57|2837.62|2879.75|2904.7||
|051. (Furniture And Furnishings, Carpets And Other Floor Coverings)|2005|125.43|126.75|126.0|127.15|129.23|131.54|132.15|131.56|128.61|133.51|136.05|136.71|
||2006|136.82|128.84|128.19|131.51|130.32|134.2|136.97|140.22|144.6|144.37|140.53|141.18|
||2007|139.25|139.78|140.81|140.93|146.03|146.31|146.21|145.64|138.67|138.5|139.68|139.95|
||2008|143.54|144.13|144.61|145.11|151.26|153.53|153.9|152.98|152.03|151.92|151.61|151.18|
||2009|149.06|149.02|147.07|137.23|136.14|137.58|138.66|139.11|139.44|149.97|150.09|148.48|
||2010|150.37|150.57|150.49|154.4|155.5|156.05|158.89|158.98|158.98|158.0|158.24|157.66|
||2011|157.43|158.43|159.27|164.7|165.58|167.05|168.77|171.19|171.87|176.4|178.57|178.92|
||2012|184.2|184.91|184.26|187.64|187.56|187.8|183.97|186.68|186.97|188.82|190.13|190.37|
||2013|194.07|197.47|197.6|199.71|198.57|199.09|201.2|201.59|202.54|208.14|208.98|208.75|
||2014|212.85|215.2|215.27|222.34|222.16|223.76|222.26|221.04|221.34|222.37|224.21|224.92|
||2015|230.75|230.53|232.43|235.28|237.36|235.79|242.1|242.92|243.4|247.73|250.21|249.68|
||2016|258.56|260.21|262.26|264.71|263.69|265.11|267.9|268.1|267.79|268.75|267.63|269.29|
||2017|273.99|262.26|263.96|266.06|268.31|268.87|270.1|279.26|279.17|296.21|298.02|297.93|
||2018|312.3|318.27|318.91|332.22|332.05|336.4|341.01|363.45|400.0|398.24|367.71|367.01|
||2019|368.01|368.93|370.31|391.89|373.71|373.73|412.72|413.56|414.53|424.96|425.16|425.78|
||2020|398.99|397.86|401.76|415.44|418.25|418.36|437.78|444.38|458.22|478.05|487.37|502.88|
||2021|533.14|535.66|543.0|523.62|532.82|563.0|540.02|543.89|585.35|590.66|621.33|728.21|
||2022|816.96|880.5|911.21|1017.74|1046.95|1114.88|1151.07|1161.6|1159.64|1173.39|1207.31|1268.26|
||2023|1365.84|1406.1|1468.59|1489.12|1501.59|1525.04|1659.67|1755.09|1865.28|1884.97|1920.27|1962.13|
||2024|2164.5|2240.58|2353.26|2507.51|2551.74|2584.38|2543.79|2585.83|2586.18|2687.06|2704.05|2762.73|
||2025|2965.46|2990.68|3064.59|3198.05|3220.95|3222.78|3262.52|3244.05|3263.06|3319.98|3351.93||
|052. (Household Textiles)|2005|111.0|110.55|109.84|110.26|110.09|109.53|109.07|109.02|108.77|110.31|110.29|109.96|
||2006|110.0|110.27|108.64|106.53|106.65|108.09|111.14|112.36|113.37|114.21|114.42|114.61|
||2007|113.99|113.61|114.38|114.69|115.24|115.45|114.81|114.63|115.64|116.0|116.67|116.92|
||2008|115.48|115.17|115.31|115.33|116.52|116.98|117.6|118.22|118.73|119.68|123.07|125.1|
||2009|123.6|123.2|123.79|125.4|125.27|125.64|126.41|126.24|126.09|127.76|127.72|127.52|
||2010|127.56|127.68|127.45|130.75|131.49|132.72|133.85|134.06|134.56|137.05|139.95|142.28|
||2011|146.16|147.97|149.74|155.87|157.33|158.33|158.2|158.12|158.42|161.89|162.94|163.44|
||2012|164.47|164.38|163.89|164.38|164.36|165.39|164.49|164.54|164.69|165.17|165.29|165.45|
||2013|166.16|166.08|166.29|167.15|167.63|167.9|167.88|168.04|169.87|174.04|174.7|175.7|
||2014|177.01|179.62|181.2|186.04|186.74|187.64|188.02|188.26|188.79|185.75|185.74|185.26|
||2015|188.47|188.76|190.61|194.73|195.72|196.71|199.01|199.78|201.04|204.81|206.76|207.5|
||2016|209.54|209.59|209.61|211.78|212.39|213.27|213.14|212.97|213.26|214.43|216.21|220.24|
||2017|226.05|230.79|232.59|234.77|236.49|238.0|240.38|243.01|244.66|246.85|248.33|249.64|
||2018|253.17|255.31|256.66|259.84|262.53|270.73|278.34|292.05|336.9|352.05|353.28|352.02|
||2019|351.56|351.54|350.36|359.1|356.17|357.66|359.99|360.64|361.12|357.13|359.26|358.81|
||2020|360.59|362.04|362.86|364.96|368.78|376.75|377.73|380.36|384.85|391.6|403.02|409.07|
||2021|416.86|418.69|422.75|432.28|436.03|448.37|456.5|460.11|465.96|476.42|503.04|593.38|
||2022|645.43|677.98|710.06|744.56|772.59|811.54|837.82|865.81|887.8|930.39|941.47|966.45|
||2023|992.76|990.25|1001.16|1019.78|1038.31|1073.52|1196.0|1282.56|1306.94|1340.68|1367.85|1398.81|
||2024|1494.59|1561.3|1615.55|1653.19|1688.3|1702.35|1719.97|1736.76|1762.32|1807.87|1820.26|1834.93|
||2025|1877.34|1937.04|2013.33|2051.69|2100.12|2111.84|2145.35|2173.84|2197.83|2232.68|2219.33||
|053. (Household Appliances)|2005|93.91|95.41|95.84|96.87|96.62|98.03|95.94|98.19|96.58|99.08|98.88|99.82|
||2006|98.78|98.85|97.96|97.98|101.2|100.48|103.35|103.92|103.0|103.01|104.13|103.22|
||2007|104.29|105.72|109.15|106.05|109.19|109.26|109.35|109.61|110.26|110.87|111.34|111.36|
||2008|111.05|112.49|113.35|112.81|114.29|115.91|118.31|117.34|118.72|119.66|124.13|125.68|
||2009|125.8|121.73|116.52|114.05|114.62|113.9|117.73|119.1|119.52|120.6|117.03|117.3|
||2010|118.54|119.37|118.76|118.69|118.04|119.01|119.05|119.06|120.73|119.39|119.78|120.17|
||2011|123.42|125.68|127.31|127.58|126.41|126.31|124.6|125.25|127.26|128.01|128.63|128.66|
||2012|130.17|132.38|134.24|133.78|130.67|131.17|131.53|131.61|130.75|130.71|130.75|130.82|
||2013|132.67|134.11|134.24|134.51|132.6|132.54|131.41|131.19|133.29|135.03|135.5|135.36|
||2014|138.58|140.92|143.05|143.37|141.3|141.4|142.93|144.29|145.0|145.08|146.84|146.61|
||2015|151.22|151.79|151.39|154.13|155.66|154.77|157.69|158.04|163.56|166.45|166.84|168.33|
||2016|170.7|171.46|173.09|174.38|172.64|172.69|170.07|170.89|170.81|172.63|171.41|175.53|
||2017|177.66|177.61|179.51|180.49|180.13|181.28|182.77|184.58|186.13|190.91|194.32|201.71|
||2018|204.24|205.52|207.79|209.94|213.83|222.45|225.29|233.96|270.94|286.22|275.88|275.16|
||2019|277.64|277.79|279.21|285.32|283.25|285.29|292.72|293.9|298.83|299.82|304.78|304.29|
||2020|307.95|307.53|308.38|306.38|313.73|321.54|329.79|334.24|353.49|359.42|362.47|384.09|
||2021|390.48|390.97|389.49|390.84|388.89|412.96|420.77|426.86|435.8|454.07|462.3|569.27|
||2022|661.22|714.78|728.01|753.95|763.88|779.36|816.01|856.04|876.93|935.13|970.5|1036.82|
||2023|1108.0|1119.87|1137.84|1167.28|1181.3|1221.49|1316.95|1440.57|1545.02|1573.78|1573.05|1670.81|
||2024|1789.24|1845.4|1893.78|1948.31|1973.1|1997.67|2040.19|2045.73|2128.33|2157.46|2246.6|2370.02|
||2025|2448.43|2480.63|2543.08|2565.15|2610.55|2687.2|2721.89|2760.65|2838.39|2873.0|2893.98||
|054. (Glassware, Tableware And Household Utensils)|2005|117.43|118.03|117.94|117.63|117.59|117.47|117.34|117.38|117.26|117.34|117.42|117.46|
||2006|117.72|118.1|118.64|118.64|119.42|122.52|125.51|127.24|128.33|129.84|131.05|132.11|
||2007|132.76|133.41|133.94|134.57|135.31|136.02|136.5|137.13|137.69|138.15|138.78|139.25|
||2008|139.81|140.73|141.24|142.29|143.67|144.74|145.51|146.16|146.73|147.87|149.24|150.04|
||2009|150.6|150.98|151.5|152.25|152.63|153.18|153.3|154.02|154.5|155.45|156.31|156.88|
||2010|157.12|157.74|158.35|158.6|158.88|159.55|160.55|161.06|161.61|162.31|162.8|163.1|
||2011|163.45|163.82|164.71|164.98|165.15|165.44|165.63|165.8|166.94|168.72|170.04|171.12|
||2012|172.5|173.0|173.83|174.31|174.81|175.66|176.07|176.25|177.1|178.04|178.56|179.29|
||2013|179.48|180.65|181.6|182.61|182.92|183.94|184.53|185.33|186.13|187.69|189.46|190.72|
||2014|191.74|194.08|196.37|198.45|200.56|202.1|203.77|205.42|206.88|208.94|210.35|211.69|
||2015|212.23|213.83|216.13|218.88|221.6|224.18|225.47|227.74|230.91|233.25|234.86|236.32|
||2016|237.02|237.82|239.93|242.08|243.38|245.57|247.38|248.46|249.59|251.26|252.57|255.42|
||2017|259.68|265.34|269.18|273.81|276.89|278.52|280.42|282.89|284.35|287.48|290.53|292.66|
||2018|296.17|301.27|306.75|310.68|314.64|321.35|327.51|336.96|367.82|388.64|396.15|400.84|
||2019|403.61|404.66|405.65|402.95|406.97|408.88|411.77|410.82|414.89|417.55|417.96|417.96|
||2020|421.71|422.13|427.62|426.09|427.33|437.11|440.94|445.5|452.75|460.28|468.01|472.34|
||2021|477.94|485.43|489.05|500.05|504.71|517.15|529.93|536.72|545.59|553.67|570.12|639.87|
||2022|696.19|740.7|775.05|816.59|834.08|860.82|877.85|910.8|932.35|968.8|976.04|999.72|
||2023|1023.55|1044.21|1056.12|1085.28|1079.16|1097.15|1168.86|1255.29|1291.38|1323.29|1331.51|1383.28|
||2024|1449.16|1504.25|1548.22|1600.85|1622.57|1659.51|1685.84|1725.71|1728.69|1758.99|1786.83|1803.89|
||2025|1862.95|1889.96|1925.0|1971.98|1977.12|2008.04|2048.61|2060.84|2076.89|2099.57|2089.76||
|055. (Tools And Equipment For House And Garden)|2005|116.05|116.99|117.69|118.41|118.82|118.84|118.59|118.82|119.0|119.28|119.36|119.49|
||2006|119.56|119.87|119.78|119.84|121.2|124.16|127.39|129.46|131.09|133.01|134.42|135.3|
||2007|135.53|135.89|136.31|136.65|136.85|137.55|137.78|138.35|138.9|139.16|140.08|140.04|
||2008|140.36|140.82|141.42|143.44|145.56|147.86|150.23|152.13|154.42|158.01|161.55|163.22|
||2009|164.73|164.75|165.25|165.99|166.45|166.36|166.69|167.32|167.65|167.82|167.59|167.8|
||2010|167.98|168.15|168.34|168.14|168.62|169.63|170.55|170.77|171.87|173.29|174.13|174.31|
||2011|173.87|174.68|175.54|177.19|178.04|178.55|179.23|180.14|181.97|185.74|188.34|190.35|
||2012|192.53|194.31|196.52|198.04|198.91|199.63|199.97|199.97|200.77|202.38|203.93|204.07|
||2013|203.4|204.46|205.1|206.07|206.8|207.0|208.36|207.81|210.1|211.24|212.06|213.18|
||2014|213.74|217.01|218.8|219.97|221.33|221.93|223.73|224.18|225.9|227.52|229.04|230.52|
||2015|230.93|232.02|233.49|233.24|236.44|238.15|239.26|240.56|242.94|245.44|248.31|251.59|
||2016|252.18|254.25|253.31|255.81|257.61|258.76|259.75|260.6|260.63|259.43|264.32|266.82|
||2017|271.61|276.14|275.86|280.05|276.91|279.99|282.86|280.53|285.41|291.55|297.54|300.79|
||2018|302.8|304.02|307.49|310.05|314.5|317.33|321.83|331.81|364.35|393.27|405.73|406.23|
||2019|403.5|409.34|408.0|413.48|414.04|416.93|418.3|420.84|422.12|426.95|424.12|426.77|
||2020|425.93|419.55|424.28|426.92|429.41|433.85|439.08|442.44|450.18|458.71|469.23|474.01|
||2021|482.11|477.12|471.9|505.88|503.98|504.39|527.98|523.22|533.51|560.53|592.67|656.9|
||2022|702.59|736.81|764.56|796.1|823.91|836.33|850.12|870.8|911.78|956.22|970.44|988.02|
||2023|1012.42|1028.39|1045.22|1057.99|1073.45|1081.95|1180.03|1281.24|1303.12|1368.69|1413.71|1466.09|
||2024|1550.19|1609.16|1632.56|1662.46|1717.4|1745.6|1827.3|1890.53|1925.14|1936.42|2023.35|2060.76|
||2025|2074.49|2119.44|2213.14|2252.88|2293.6|2373.18|2375.22|2363.87|2433.21|2421.16|2490.76||
|056. (Goods And Services For Routine Household Maintenance)|2005|106.65|106.96|107.2|107.45|107.94|108.63|108.68|106.52|105.32|105.36|106.32|108.93|
||2006|111.04|111.8|112.0|112.14|111.99|112.78|117.02|120.55|123.38|124.28|124.38|124.71|
||2007|126.12|127.59|130.89|131.77|131.7|132.18|133.46|133.45|133.19|133.64|133.51|133.92|
||2008|134.02|136.12|140.46|143.0|144.69|145.26|146.78|148.41|149.14|149.23|149.67|150.33|
||2009|151.33|150.83|150.92|151.05|150.37|148.9|147.18|145.57|145.66|145.32|145.37|144.61|
||2010|144.92|142.74|140.92|139.0|139.02|138.49|138.11|137.6|137.73|138.42|139.76|140.73|
||2011|141.22|141.78|143.31|144.93|146.34|147.72|149.6|151.18|152.97|154.96|158.13|158.87|
||2012|160.58|163.4|167.19|169.06|169.66|171.27|171.78|173.47|175.4|176.27|175.97|176.74|
||2013|177.51|178.53|178.47|178.31|180.06|180.63|180.55|180.12|180.69|181.61|182.97|183.94|
||2014|185.62|187.88|190.38|191.54|192.39|193.26|193.93|195.32|196.46|197.17|199.02|199.11|
||2015|200.83|201.56|203.23|205.09|205.99|207.07|207.96|207.4|207.52|208.37|209.37|211.73|
||2016|213.47|214.62|215.06|215.22|215.59|216.87|218.53|219.3|220.56|221.64|222.07|223.85|
||2017|228.56|232.84|236.34|239.43|244.07|245.38|246.44|248.16|249.21|249.92|251.01|251.79|
||2018|255.2|257.69|260.23|262.89|265.23|268.88|276.54|284.67|306.21|321.68|327.36|330.32|
||2019|334.74|333.38|334.27|334.62|336.18|340.51|342.97|342.46|344.64|345.69|346.9|348.68|
||2020|351.01|351.74|353.02|356.02|358.51|361.33|363.04|366.27|368.96|373.88|381.12|390.75|
||2021|397.92|398.23|400.93|407.98|412.74|423.46|425.45|435.89|441.8|447.69|460.33|499.61|
||2022|560.77|590.99|614.91|600.8|644.33|665.56|698.22|730.74|761.8|803.42|831.8|849.05|
||2023|881.6|902.68|934.47|932.9|942.86|969.52|1071.36|1224.44|1265.66|1328.56|1411.23|1440.96|
||2024|1525.17|1550.67|1588.85|1655.03|1699.71|1742.19|1817.31|1836.94|1872.7|1879.32|1953.88|1972.02|
||2025|2077.61|2135.06|2165.37|2243.23|2263.57|2335.79|2394.91|2427.48|2462.13|2507.56|2545.87||
|06. (Health)|2005|112.84|112.38|113.38|114.17|114.27|114.39|112.81|111.16|111.36|111.53|111.65|111.75|
||2006|112.47|113.22|113.64|113.96|116.81|117.29|116.2|118.11|120.14|120.39|120.59|120.61|
||2007|121.41|121.96|122.29|122.63|122.73|122.81|122.93|123.09|123.19|123.28|122.45|121.63|
||2008|121.84|121.93|122.03|122.1|122.17|122.31|122.43|124.31|124.35|124.4|124.47|124.08|
||2009|124.26|124.39|124.41|127.15|127.37|127.37|127.44|127.48|127.57|127.65|127.67|127.11|
||2010|126.97|126.71|126.76|127.94|127.91|127.92|128.25|127.39|127.6|127.78|127.79|127.84|
||2011|128.2|128.34|128.53|128.67|128.81|128.86|127.93|128.01|128.05|128.09|128.38|128.27|
||2012|128.39|129.24|129.64|130.32|130.45|130.62|130.65|130.32|130.39|130.44|130.38|130.43|
||2013|131.08|131.64|132.27|132.7|132.88|133.07|133.67|134.18|134.39|134.66|135.69|136.75|
||2014|139.3|140.36|141.56|142.87|144.27|145.69|146.13|146.37|146.98|148.01|148.35|148.54|
||2015|150.76|151.99|153.49|153.94|154.31|155.13|155.62|156.2|157.89|158.54|158.96|159.18|
||2016|163.03|165.97|167.97|168.68|169.1|170.35|172.09|172.75|173.12|173.43|173.52|174.67|
||2017|182.81|186.77|190.28|191.14|191.58|191.91|192.55|192.89|193.72|194.61|195.01|195.46|
||2018|200.19|205.33|209.23|210.19|210.91|212.69|215.24|217.13|222.13|225.41|226.7|228.1|
||2019|236.21|242.06|250.48|251.7|251.77|253.21|253.84|255.07|256.37|257.5|258.1|259.18|
||2020|269.45|274.93|282.56|284.06|284.68|287.51|289.81|292.52|295.06|297.67|300.04|302.38|
||2021|315.24|324.71|336.72|338.61|339.62|342.32|343.74|344.82|346.61|348.85|351.91|364.42|
||2022|405.48|431.4|454.39|460.35|467.78|476.98|510.26|546.03|557.49|567.45|573.25|607.14|
||2023|718.58|733.72|748.28|767.02|780.86|790.29|897.81|969.45|1002.32|1028.8|1044.07|1090.39|
||2024|1283.18|1329.88|1348.8|1362.75|1387.35|1410.77|1463.58|1488.04|1510.48|1553.97|1595.74|1609.74|
||2025|1989.18|1901.96|1915.43|1935.01|1944.02|1956.76|2012.26|2032.55|2042.39|2052.14|2065.89||
|061. (Medical Products, Appliances And Equipment)|2005|96.15|95.56|96.21|96.2|96.16|96.03|92.25|88.41|88.38|88.37|88.33|88.46|
||2006|88.35|88.47|88.38|88.44|88.47|88.52|84.94|88.19|91.48|91.51|91.61|91.61|
||2007|91.59|91.57|91.6|91.58|91.58|91.58|91.57|91.59|91.57|91.61|89.75|87.71|
||2008|87.7|87.68|87.72|87.76|87.86|88.06|88.26|91.84|91.84|91.88|91.96|92.04|
||2009|92.12|92.16|92.16|97.41|97.82|97.82|97.9|97.87|97.9|97.92|97.95|96.79|
||2010|96.11|95.44|95.47|95.61|95.55|95.56|96.13|94.31|94.66|94.94|94.91|94.94|
||2011|94.84|94.85|95.01|95.18|95.38|95.37|93.42|93.4|93.45|93.48|93.7|93.55|
||2012|93.12|94.43|95.03|96.19|96.31|96.33|96.34|95.54|95.57|95.6|95.39|95.39|
||2013|95.5|95.46|95.44|95.4|95.4|95.25|96.04|96.6|96.82|97.18|97.23|97.28|
||2014|97.44|97.8|97.8|98.27|99.74|102.06|102.35|102.5|102.64|102.75|102.67|102.68|
||2015|102.92|103.86|104.84|105.05|105.04|106.24|106.38|106.82|109.46|109.56|109.62|109.56|
||2016|109.97|113.23|116.73|117.47|117.74|120.0|123.22|123.32|123.5|123.55|123.47|125.16|
||2017|126.41|131.96|137.22|137.99|138.38|138.32|138.33|138.55|139.03|139.06|139.17|138.75|
||2018|139.4|146.24|153.76|154.39|154.78|157.0|157.72|159.03|162.61|165.08|166.54|168.07|
||2019|169.03|178.98|196.59|196.62|197.0|197.33|197.62|198.46|198.53|198.99|199.4|199.68|
||2020|199.96|205.64|216.81|218.67|218.68|219.15|220.07|220.76|221.61|222.61|224.57|226.78|
||2021|228.49|240.17|261.13|262.23|262.64|263.55|263.45|263.61|263.99|265.54|267.09|277.49|
||2022|289.83|327.84|368.03|368.87|371.71|375.0|428.01|483.03|487.11|490.93|493.35|561.55|
||2023|643.34|650.74|678.54|706.48|711.5|714.52|808.55|902.87|917.52|929.18|935.4|1034.07|
||2024|1154.69|1181.98|1197.25|1210.33|1215.58|1224.55|1237.14|1246.7|1255.28|1350.23|1446.2|1464.31|
||2025|1514.86|1517.46|1537.31|1557.23|1567.14|1577.87|1595.73|1607.82|1611.19|1621.77|1643.24||
|062. (Outpatient Services)|2005|129.26|126.52|125.98|128.11|128.43|128.91|130.0|130.9|131.34|131.62|131.9|131.98|
||2006|133.48|134.69|135.53|135.98|141.77|142.56|143.68|144.5|145.54|146.02|146.38|146.51|
||2007|148.06|149.24|149.71|150.4|150.61|150.77|151.05|151.38|151.61|151.77|151.87|152.1|
||2008|152.51|152.69|152.81|152.87|152.91|152.96|153.05|153.09|153.18|153.25|153.35|153.37|
||2009|153.67|153.86|153.92|154.01|154.0|153.98|154.03|154.17|154.32|154.42|154.44|154.52|
||2010|154.96|155.15|155.23|154.84|154.82|154.82|154.89|155.11|155.14|155.22|155.27|155.3|
||2011|156.11|156.36|156.52|156.65|156.74|156.83|156.93|157.12|157.14|157.19|157.55|157.48|
||2012|158.13|158.54|158.71|158.89|159.05|159.35|159.41|159.52|159.66|159.72|159.83|159.89|
||2013|161.36|162.52|163.88|164.95|165.28|165.74|166.17|166.68|166.8|166.88|167.77|168.49|
||2014|171.88|173.34|175.6|176.37|177.33|177.94|178.18|178.44|179.35|180.27|180.66|180.95|
||2015|184.35|185.39|186.61|187.38|187.91|188.42|189.27|189.8|190.57|191.41|191.68|192.21|
||2016|198.74|201.02|201.85|202.53|202.89|203.26|203.76|204.69|204.74|205.14|205.32|205.88|
||2017|220.23|223.09|224.79|225.8|226.4|226.83|228.2|228.6|229.1|230.43|231.23|232.32|
||2018|239.13|241.9|242.92|243.9|244.91|246.23|248.3|250.95|256.78|260.17|261.14|261.89|
||2019|273.06|275.93|277.22|279.24|278.97|281.31|282.11|283.44|284.8|286.04|286.89|288.43|
||2020|304.99|310.31|313.94|314.59|315.85|321.11|324.06|327.04|330.86|334.1|336.08|337.81|
||2021|356.27|363.42|368.15|370.87|372.4|375.36|377.29|378.8|381.08|382.76|385.61|397.52|
||2022|457.2|470.26|477.64|482.6|491.17|501.57|522.16|541.96|553.41|564.3|571.82|577.8|
||2023|679.12|697.21|706.14|713.34|724.42|736.67|831.5|877.77|907.03|933.24|951.09|962.33|
||2024|1152.18|1201.77|1219.23|1234.65|1257.32|1275.16|1320.38|1344.26|1370.75|1387.07|1398.85|1406.77|
||2025|1950.22|1780.8|1788.78|1800.11|1806.69|1818.73|1860.06|1878.96|1885.83|1897.85|1906.05||
|063. (Hospital Services)|2005|121.88|130.36|138.55|138.6|138.67|138.79|139.51|140.6|141.11|141.77|142.17|142.19|
||2006|143.6|145.42|146.49|147.56|151.82|152.96|154.46|154.7|155.03|155.34|155.46|155.12|
||2007|156.63|157.31|158.43|159.0|159.15|159.32|159.38|159.48|159.66|159.67|159.73|160.08|
||2008|160.63|160.93|161.26|161.58|161.63|161.75|161.59|161.72|161.77|161.72|161.66|156.42|
||2009|156.63|156.93|156.97|157.17|157.25|157.37|157.45|157.45|157.54|157.85|157.88|157.93|
||2010|158.36|158.45|158.63|172.89|172.91|173.01|173.08|173.14|173.16|173.21|173.35|173.54|
||2011|174.39|174.65|175.07|175.1|175.19|175.31|175.37|175.49|175.51|175.55|175.87|175.8|
||2012|176.42|176.78|177.23|177.56|177.67|178.03|178.03|178.11|178.15|178.22|178.3|178.48|
||2013|178.43|179.59|180.42|180.6|181.08|181.9|182.15|182.34|182.84|183.45|190.08|197.76|
||2014|207.4|210.07|212.4|219.35|222.26|223.04|224.89|225.44|226.98|232.38|234.25|234.88|
||2015|241.38|244.66|249.56|249.89|251.28|251.72|252.36|253.75|254.91|257.29|259.76|260.07|
||2016|268.66|273.1|273.38|274.21|275.57|275.92|276.3|278.38|280.88|281.95|282.49|283.67|
||2017|297.98|299.95|303.38|304.11|304.21|305.84|306.47|307.06|310.7|313.64|313.85|315.49|
||2018|329.26|337.92|339.46|341.89|342.91|345.02|357.21|358.79|367.2|373.93|376.04|379.76|
||2019|405.57|408.21|410.01|412.99|413.21|415.75|417.21|419.82|425.97|429.49|430.03|432.68|
||2020|459.85|466.39|476.94|480.45|481.22|484.68|490.27|500.29|505.04|511.98|517.83|523.49|
||2021|561.78|572.91|579.01|581.25|582.84|592.18|597.85|601.15|607.06|614.49|624.8|650.18|
||2022|737.18|772.96|797.05|825.54|846.76|874.59|893.36|928.12|967.89|998.37|1011.47|1033.18|
||2023|1316.93|1348.35|1346.86|1391.29|1450.92|1471.41|1707.08|1833.82|1952.62|2036.7|2074.43|2113.56|
||2024|2592.58|2694.9|2736.49|2746.52|2851.81|2959.39|3200.26|3282.27|3332.12|3354.24|3380.86|3416.21|
||2025|3964.34|4052.14|4077.54|4145.92|4166.93|4191.53|4460.88|4518.38|4568.14|4562.5|4584.12||
|07. (Transport)|2005|117.99|118.58|119.42|121.91|122.12|122.99|124.14|125.9|128.12|128.64|127.58|127.35|
||2006|129.29|129.49|129.67|131.49|133.5|138.53|142.5|142.56|140.05|140.16|139.77|140.27|
||2007|140.23|141.17|142.88|144.15|144.31|144.07|144.03|143.89|144.77|144.17|147.77|147.65|
||2008|149.62|150.43|152.21|155.83|158.27|160.84|160.33|157.84|158.11|157.17|155.04|151.15|
||2009|152.46|154.59|151.52|148.94|150.12|154.35|155.25|157.84|158.15|161.48|163.5|163.08|
||2010|168.84|169.55|170.79|170.87|170.82|170.11|170.95|170.66|170.86|171.52|172.3|174.14|
||2011|176.65|179.78|182.6|184.5|185.67|186.27|187.72|191.28|194.95|196.14|195.07|195.42|
||2012|199.44|200.1|202.4|202.94|200.18|197.4|198.13|201.29|204.61|208.82|206.79|206.24|
||2013|207.28|210.65|210.55|209.22|209.5|212.63|217.48|219.01|223.36|224.11|223.92|226.39|
||2014|232.06|237.37|239.47|238.17|236.97|238.16|239.85|239.7|239.97|239.53|235.25|231.07|
||2015|229.77|233.84|235.96|236.94|241.11|241.08|242.06|241.13|245.78|249.21|247.27|245.87|
||2016|246.71|248.61|250.57|252.13|254.9|256.62|256.9|257.38|264.32|269.61|270.94|276.27|
||2017|285.22|293.25|294.89|297.37|295.21|292.73|296.04|302.11|306.87|314.89|321.23|326.65|
||2018|330.9|331.92|334.43|346.28|354.31|363.74|367.71|384.08|419.21|415.66|388.79|378.82|
||2019|379.59|382.29|385.14|389.74|398.25|400.11|417.97|409.88|416.46|421.32|422.69|425.08|
||2020|428.76|427.15|419.0|411.33|424.9|443.98|454.8|461.9|470.38|479.98|501.61|514.86|
||2021|520.65|523.15|523.13|531.9|545.51|560.71|566.77|562.42|565.44|579.17|615.69|791.13|
||2022|879.32|919.45|1041.68|1094.98|1132.57|1252.47|1241.84|1219.74|1230.73|1257.64|1274.65|1221.87|
||2023|1298.68|1332.38|1340.79|1374.88|1400.79|1512.3|1780.8|2076.51|2166.85|2162.97|2167.41|2164.4|
||2024|2305.71|2371.38|2412.34|2480.11|2508.8|2505.46|2601.15|2677.78|2743.25|2728.32|2736.21|2724.64|
||2025|2839.19|2925.79|2933.18|3044.61|3125.64|3199.95|3292.32|3343.43|3437.3|3474.04|3535.97||
|071. (Purchase Of Vehicles)|2005|100.51|101.26|100.9|102.86|104.1|103.83|102.68|102.62|102.4|102.54|102.82|102.18|
||2006|104.52|105.12|104.91|105.66|107.21|112.46|115.97|116.46|115.18|117.05|116.6|112.62|
||2007|114.46|116.23|116.21|116.41|114.42|113.09|112.97|112.96|113.87|111.51|110.63|108.89|
||2008|110.35|110.77|110.02|111.81|112.4|112.72|109.28|108.93|108.66|108.04|107.53|106.19|
||2009|109.32|111.74|104.82|99.75|100.9|104.82|107.37|107.99|108.13|113.7|115.19|113.19|
||2010|115.11|115.06|115.63|115.92|116.2|115.53|115.86|115.5|114.82|115.23|114.34|112.91|
||2011|114.6|118.84|119.99|121.66|121.96|122.75|122.77|125.79|129.67|130.95|130.49|130.35|
||2012|132.71|132.4|131.8|132.34|132.32|132.39|132.32|132.23|131.31|131.36|130.25|129.92|
||2013|130.62|133.56|133.85|134.0|134.7|134.85|138.11|139.2|142.3|144.18|143.45|143.25|
||2014|151.68|161.1|166.94|167.83|166.66|164.96|164.87|164.79|164.83|164.74|163.84|162.89|
||2015|166.79|170.74|171.23|171.46|173.65|174.15|176.27|176.9|183.8|187.45|186.92|185.87|
||2016|188.76|194.28|194.79|194.82|195.09|197.42|197.36|199.71|200.23|202.96|206.1|209.43|
||2017|213.34|223.43|232.01|236.01|235.32|231.73|234.39|239.66|241.58|250.09|256.56|265.56|
||2018|268.55|273.28|277.24|289.99|296.08|307.72|312.05|330.34|375.35|364.56|316.8|313.82|
||2019|311.52|311.41|307.04|310.25|321.85|325.18|358.13|348.48|345.8|348.34|348.83|352.18|
||2020|354.12|353.58|359.25|371.05|380.98|395.43|404.73|410.3|426.84|439.53|481.33|499.86|
||2021|500.92|503.36|505.77|523.13|530.18|537.71|539.91|525.08|526.75|527.76|556.01|785.99|
||2022|796.83|797.25|856.34|891.52|912.88|943.61|984.48|1009.22|1013.81|1027.64|1050.44|1033.59|
||2023|1071.56|1113.87|1128.48|1175.67|1248.13|1374.11|1593.81|1733.03|1738.81|1732.51|1745.49|1768.2|
||2024|1818.15|1832.17|1878.2|1903.23|1961.85|1943.18|1959.28|2000.42|2049.95|2019.22|2024.89|2025.5|
||2025|2057.27|2090.96|2121.42|2217.96|2318.94|2340.62|2385.22|2406.73|2461.3|2483.66|2511.79||
|072. (Operation Of Personal Transport Equipment)|2005|125.0|125.61|127.64|132.69|130.96|132.74|134.65|136.64|140.9|141.55|137.63|137.37|
||2006|139.68|139.36|139.86|143.58|147.07|155.1|160.02|157.17|150.08|147.89|146.99|148.32|
||2007|145.67|146.48|151.46|154.21|156.94|156.45|155.37|154.49|154.93|154.73|166.34|166.55|
||2008|167.65|169.01|173.67|179.95|184.16|188.33|189.64|180.66|179.48|176.22|170.02|159.11|
||2009|159.58|162.87|164.29|164.1|165.71|170.97|168.86|175.7|176.06|177.09|181.16|181.86|
||2010|195.14|196.65|199.24|198.66|197.17|195.23|195.62|194.86|196.27|197.06|200.02|208.75|
||2011|212.14|213.68|219.71|222.12|224.47|223.41|226.74|231.72|234.02|233.87|230.53|231.75|
||2012|237.61|239.97|248.31|247.6|236.92|228.25|228.09|238.2|248.47|260.55|256.16|255.03|
||2013|255.57|259.47|257.51|251.29|249.06|258.49|266.83|268.81|274.24|270.85|272.48|282.75|
||2014|287.34|287.97|285.0|278.82|275.55|278.96|281.88|279.5|276.78|273.73|264.88|253.79|
||2015|243.92|249.45|255.39|257.33|264.36|262.4|261.3|256.74|258.81|260.93|257.41|254.74|
||2016|252.83|249.61|254.05|256.27|262.95|264.19|262.23|260.16|272.97|283.05|284.85|296.31|
||2017|311.14|318.09|311.4|309.34|303.75|300.03|302.11|311.07|317.26|326.0|337.33|339.64|
||2018|345.99|341.87|343.11|356.78|367.32|373.29|376.72|394.14|418.92|424.66|417.51|394.28|
||2019|398.01|406.83|421.34|427.63|432.46|426.48|426.13|414.84|422.36|430.51|434.9|436.45|
||2020|441.79|436.32|408.32|374.66|393.39|411.18|430.67|441.41|445.56|455.34|462.47|474.05|
||2021|482.72|485.39|481.71|481.37|496.57|520.3|532.62|539.5|538.81|572.72|628.18|768.81|
||2022|923.13|1001.07|1199.0|1246.34|1292.17|1528.2|1434.27|1352.76|1340.48|1380.1|1396.96|1290.59|
||2023|1383.78|1409.43|1404.25|1408.59|1370.85|1487.6|1851.66|2241.87|2313.97|2293.56|2285.33|2271.21|
||2024|2494.19|2653.2|2696.34|2777.73|2752.32|2710.57|2920.0|2935.24|2923.65|2978.49|2986.61|3005.09|
||2025|3184.0|3264.66|3228.66|3277.12|3308.14|3424.92|3609.92|3658.86|3708.67|3738.64|3843.03||
|073. (Transport Services)|2005|123.8|124.22|124.89|125.28|126.51|127.44|129.79|132.83|135.09|135.82|136.44|136.59|
||2006|137.71|138.22|138.32|138.68|139.22|140.2|143.37|146.76|148.98|150.45|150.76|154.19|
||2007|154.7|154.45|154.35|155.19|155.23|156.98|158.38|158.98|160.28|161.84|161.47|163.34|
||2008|166.9|167.56|170.03|172.95|176.05|180.19|182.92|185.05|188.03|189.56|189.98|190.92|
||2009|189.46|189.05|188.45|188.27|188.7|191.15|192.48|192.87|193.34|194.48|194.42|195.75|
||2010|198.68|199.93|200.53|200.94|202.03|203.17|205.54|206.18|206.89|207.73|209.44|209.53|
||2011|211.8|213.16|214.31|215.2|216.38|218.8|220.49|221.8|225.51|228.03|229.25|229.4|
||2012|233.4|233.95|234.27|236.4|239.1|238.47|242.4|242.81|246.12|248.24|248.13|248.11|
||2013|250.25|251.58|252.77|253.95|256.02|258.68|260.43|261.74|265.49|267.28|266.66|265.98|
||2014|266.04|268.25|269.29|270.7|272.7|276.51|279.75|282.72|287.71|290.44|286.65|286.62|
||2015|286.42|287.34|286.9|287.91|291.14|292.8|293.92|295.1|296.92|300.78|298.5|298.58|
||2016|299.77|302.59|302.97|306.09|306.85|307.85|312.27|313.2|321.63|323.16|320.03|318.39|
||2017|325.2|328.99|330.85|337.93|339.41|342.14|348.34|349.42|356.49|360.3|355.73|358.07|
||2018|360.13|361.69|362.3|364.98|370.59|378.55|381.55|386.36|407.01|404.3|398.47|399.96|
||2019|403.35|401.3|401.07|404.72|408.74|420.76|425.23|430.34|458.61|461.96|459.6|460.07|
||2020|463.54|467.19|467.88|468.11|476.73|503.64|499.08|501.09|498.14|498.43|498.11|499.89|
||2021|511.64|513.11|514.5|516.1|542.13|555.43|556.12|558.25|573.9|572.98|576.48|609.83|
||2022|712.76|753.62|825.01|918.68|965.86|1009.96|1060.61|1062.3|1136.18|1158.57|1156.77|1150.72|
||2023|1268.46|1283.22|1296.24|1336.17|1345.79|1376.04|1514.09|1932.31|2226.61|2257.17|2260.34|2214.5|
||2024|2468.73|2524.28|2519.98|2682.32|2679.5|2800.76|2936.21|3206.23|3427.09|3357.13|3368.3|3266.5|
||2025|3524.21|3781.65|3770.86|3987.63|4027.02|4188.46|4242.24|4384.98|4660.45|4744.59|4824.68||
|08. (Communications)|2005|103.99|104.17|104.43|104.19|105.05|104.44|104.27|104.57|105.13|106.36|106.14|105.88|
||2006|107.99|107.64|106.82|106.68|107.31|108.33|108.53|107.91|107.8|107.61|107.45|107.3|
||2007|109.14|109.04|108.5|107.89|107.63|109.15|107.61|104.47|103.95|103.93|103.87|105.39|
||2008|106.46|106.59|107.05|107.09|107.05|107.76|108.74|109.23|110.73|110.69|110.88|111.44|
||2009|112.33|111.0|110.38|110.69|110.88|112.18|112.37|112.59|112.72|114.08|114.11|115.17|
||2010|114.89|115.02|118.63|112.9|111.39|112.17|112.05|110.97|108.92|108.23|108.58|111.46|
||2011|112.81|113.3|113.68|111.59|111.07|111.86|112.07|111.97|112.17|112.81|113.82|114.22|
||2012|114.21|113.99|113.62|113.58|113.35|115.53|116.21|116.05|117.84|119.37|119.49|120.96|
||2013|120.93|121.15|121.17|121.36|121.84|121.92|123.07|122.98|123.08|123.08|122.57|122.41|
||2014|121.68|121.91|122.24|122.4|122.26|122.36|124.69|124.86|124.8|124.68|124.52|124.38|
||2015|125.55|126.73|126.69|126.34|126.14|126.19|126.18|127.4|128.32|128.64|129.09|128.81|
||2016|128.87|128.33|128.2|128.57|129.75|130.06|131.85|131.99|132.32|132.24|133.08|132.9|
||2017|133.05|133.92|133.93|133.9|134.58|134.05|134.22|134.33|134.68|134.67|135.0|134.77|
||2018|133.44|133.74|133.87|133.82|134.28|140.67|140.51|144.2|145.8|148.79|147.9|147.74|
||2019|148.84|148.34|147.91|147.47|147.56|148.12|149.35|149.35|149.25|151.38|151.97|152.41|
||2020|152.03|151.7|151.63|149.76|151.96|155.29|158.03|158.87|159.31|159.67|159.86|161.14|
||2021|161.64|162.55|163.78|163.32|164.23|164.81|165.0|166.48|167.26|168.11|169.08|175.25|
||2022|179.03|181.88|188.48|193.88|196.77|203.94|207.56|211.52|218.71|224.39|229.73|232.35|
||2023|246.83|248.16|249.61|264.41|268.96|279.47|296.86|309.57|320.61|329.18|340.46|350.9|
||2024|361.37|376.94|398.23|410.9|415.03|425.56|439.23|441.96|438.07|453.51|462.05|470.47|
||2025|480.56|492.02|493.84|498.46|494.92|504.0|525.4|533.05|539.72|541.26|544.21||
|081. (Postal Services)|2005|125.49|125.49|125.49|125.49|125.49|119.55|119.55|119.55|119.55|119.55|119.55|119.55|
||2006|123.31|123.31|123.31|123.31|123.31|123.31|123.31|123.31|123.31|123.31|123.31|123.31|
||2007|125.44|127.56|127.56|127.56|127.56|127.56|127.56|127.56|127.56|127.56|127.56|127.56|
||2008|127.56|127.56|127.56|127.56|127.56|143.39|143.39|143.39|143.39|143.39|143.39|143.39|
||2009|143.39|143.39|143.39|143.39|143.39|143.39|159.68|159.68|159.68|159.68|159.68|159.68|
||2010|159.68|159.68|207.65|207.65|207.65|207.65|218.24|218.24|218.24|218.24|218.24|218.24|
||2011|218.24|193.22|193.22|218.24|218.24|218.24|218.24|218.24|218.24|218.24|262.27|262.27|
||2012|262.27|262.27|262.27|262.27|248.81|248.81|262.27|262.27|262.27|262.27|262.27|262.27|
||2013|296.32|296.32|296.32|296.32|296.32|296.32|296.32|296.32|296.32|266.75|296.32|281.14|
||2014|296.33|281.14|296.33|296.33|303.75|303.75|320.18|320.18|320.18|320.18|320.18|320.18|
||2015|320.18|320.18|320.18|320.18|320.18|288.16|320.18|355.48|355.48|319.93|355.48|355.48|
||2016|355.48|355.48|355.48|355.48|355.48|411.61|411.61|411.61|411.61|411.61|411.61|411.61|
||2017|411.61|411.61|411.61|411.61|411.61|308.71|576.25|576.25|576.25|576.25|576.25|576.25|
||2018|748.38|748.38|748.38|748.38|748.38|748.38|748.38|561.28|561.28|561.28|561.28|523.86|
||2019|561.28|523.86|561.28|561.28|561.28|561.28|561.28|748.37|748.37|748.37|748.37|748.37|
||2020|748.37|648.11|748.37|748.37|561.28|648.11|648.11|648.11|748.37|748.37|748.37|700.04|
||2021|748.37|648.11|748.37|748.37|748.37|748.37|748.37|748.37|748.37|1010.3|1010.3|1010.3|
||2022|1010.3|1197.39|1197.39|1197.39|1197.39|1197.39|1197.39|1609.0|1609.0|1609.0|1609.0|1609.0|
||2023|1892.69|2226.41|2226.41|2226.41|2226.41|2226.41|2226.41|3348.97|3348.97|3348.97|3348.97|3348.97|
||2024|3877.85|4490.24|4490.24|4490.24|4490.24|6548.27|6548.27|6548.27|6548.27|6548.27|6548.27|6548.27|
||2025|6548.27|6548.27|6548.27|6548.27|7483.74|7483.74|7483.74|7483.74|7483.74|7483.74|7483.74||
|082. (Telephone And Telefax Equipment)|2005|87.78|89.47|91.92|89.61|92.61|86.51|84.74|86.41|91.02|91.5|90.2|88.28|
||2006|88.48|85.54|79.94|78.88|83.08|89.98|90.15|85.97|85.64|83.91|82.73|81.64|
||2007|80.12|74.99|70.94|67.65|65.96|62.7|61.88|60.86|56.92|51.81|50.9|50.31|
||2008|49.56|48.42|49.89|49.47|48.69|47.15|47.34|45.8|44.78|44.56|44.73|43.89|
||2009|44.01|43.79|44.63|45.1|44.77|44.95|45.88|46.96|47.65|47.34|46.93|46.72|
||2010|45.56|46.1|45.85|45.99|46.71|46.35|45.79|45.99|44.98|44.13|45.56|46.47|
||2011|46.61|46.79|47.54|47.23|47.1|47.32|46.65|46.2|47.08|49.93|54.28|54.1|
||2012|54.04|53.02|51.04|50.65|49.61|50.04|51.62|50.47|52.08|51.47|50.42|51.71|
||2013|50.97|50.82|50.81|50.21|49.32|48.17|48.19|47.84|47.07|46.7|44.53|43.92|
||2014|42.91|43.31|43.88|44.38|43.85|44.22|43.71|43.36|43.13|42.14|41.55|41.04|
||2015|40.43|40.41|40.62|40.01|39.49|39.64|39.36|40.15|40.76|40.49|40.92|40.18|
||2016|40.32|39.14|38.86|39.32|39.22|38.42|38.63|38.93|39.21|39.02|39.19|38.78|
||2017|39.03|39.8|39.83|39.9|39.44|38.52|38.74|39.16|38.58|38.57|38.89|38.52|
||2018|38.6|38.4|38.34|38.28|37.73|38.25|39.51|40.9|43.13|43.24|41.94|41.72|
||2019|41.41|40.46|39.71|39.14|38.88|38.84|39.67|39.34|39.34|38.39|37.75|37.63|
||2020|37.33|36.73|36.54|35.32|37.12|39.57|40.96|41.3|41.01|40.94|40.99|40.91|
||2021|41.27|40.85|40.45|40.65|40.32|40.51|40.54|40.66|40.93|41.23|41.48|47.53|
||2022|48.25|49.49|53.15|54.67|55.11|57.78|58.73|60.22|62.79|64.33|64.98|66.0|
||2023|67.73|67.23|67.0|68.08|67.38|71.75|80.13|82.16|81.95|81.58|81.02|83.56|
||2024|87.05|87.56|90.79|91.31|89.76|88.72|86.9|87.46|84.02|91.46|93.18|95.74|
||2025|96.38|95.95|95.9|98.04|96.06|98.62|99.57|100.55|102.9|102.2|100.35||
|083. (Telephone And Telefax Services)|2005|105.59|105.59|105.59|105.6|106.2|106.25|106.26|106.4|106.48|107.8|107.71|107.64|
||2006|110.05|110.15|110.16|110.17|110.19|110.19|110.39|110.39|110.31|110.39|110.41|110.42|
||2007|112.82|113.62|113.69|113.56|113.56|115.9|114.25|110.77|110.86|111.74|111.83|113.7|
||2008|115.09|115.45|115.71|115.84|115.93|117.04|118.14|119.01|120.94|120.94|121.13|121.94|
||2009|122.97|121.44|120.51|120.77|121.07|122.56|122.56|122.56|122.56|124.25|124.38|125.69|
||2010|125.69|125.69|130.1|123.12|121.09|122.14|122.14|120.78|118.58|118.0|118.0|121.23|
||2011|122.81|123.38|123.64|121.19|120.59|121.49|121.92|121.92|121.92|121.92|121.92|122.45|
||2012|122.45|122.45|122.52|122.58|122.58|125.07|125.47|125.57|127.3|129.29|129.7|131.13|
||2013|131.29|131.6|131.63|132.03|132.89|133.32|134.7|134.7|135.05|135.18|135.18|135.18|
||2014|134.62|134.77|134.98|135.01|135.01|135.01|138.03|138.36|138.36|138.55|138.55|138.55|
||2015|140.33|141.85|141.69|141.54|141.54|141.54|141.65|142.81|143.69|144.24|144.59|144.59|
||2016|144.59|144.59|144.59|144.79|146.41|147.28|149.5|149.5|149.77|149.77|150.78|150.78|
||2017|150.78|151.31|151.31|151.21|152.54|152.61|152.61|152.4|153.38|153.38|153.56|153.56|
||2018|151.55|152.18|152.42|152.42|153.65|162.27|160.75|164.64|164.64|168.81|168.88|168.88|
||2019|170.86|171.25|171.48|171.49|171.94|172.8|173.65|174.01|173.86|178.12|179.74|180.54|
||2020|180.39|180.72|180.86|179.71|180.58|182.26|184.52|185.33|186.4|187.03|187.26|189.34|
||2021|189.57|191.64|194.17|193.14|195.07|195.67|195.92|198.06|198.86|199.71|200.84|201.27|
||2022|206.12|208.61|213.1|219.2|223.09|230.15|234.35|238.16|245.4|251.93|259.39|261.89|
||2023|283.18|286.48|289.46|312.7|322.02|330.98|343.37|360.86|380.34|395.89|416.52|429.2|
||2024|439.3|466.81|497.79|519.97|531.78|553.91|584.18|587.75|589.71|598.56|609.85|618.66|
||2025|636.14|659.42|663.06|665.58|664.57|674.42|712.7|724.49|730.31|735.36|746.49||
|09. (Recreation And Culture)|2005|113.37|113.07|111.89|111.0|115.51|120.14|121.39|123.04|119.68|118.96|118.05|118.62|
||2006|117.78|115.84|114.88|117.6|120.78|123.82|125.35|126.55|127.39|129.29|126.89|128.41|
||2007|128.43|127.46|126.98|127.87|125.59|127.24|127.55|128.28|127.37|127.7|127.34|126.79|
||2008|125.46|125.46|127.09|126.92|128.93|129.83|130.39|130.7|130.72|132.44|134.84|135.64|
||2009|138.13|137.89|137.66|139.17|138.78|140.13|143.72|144.12|147.5|148.75|148.31|147.74|
||2010|147.34|146.5|147.51|146.8|146.12|145.98|145.4|145.55|146.8|145.12|143.95|144.31|
||2011|144.2|143.62|144.28|144.4|145.83|147.56|148.94|150.17|150.82|152.45|152.47|153.68|
||2012|154.95|154.42|154.81|155.77|156.29|157.7|156.72|157.68|157.82|157.5|157.0|156.73|
||2013|157.1|156.11|156.62|157.73|158.45|160.75|161.18|161.89|162.46|163.47|164.53|164.85|
||2014|166.92|167.97|169.11|169.26|169.61|170.28|175.34|176.38|176.5|176.55|174.22|174.21|
||2015|177.07|178.1|180.28|182.39|184.36|189.23|188.88|192.59|194.82|195.73|194.67|194.34|
||2016|198.4|198.14|197.58|199.09|200.9|200.52|202.69|203.43|202.55|200.46|202.97|205.86|
||2017|210.77|212.65|215.95|217.45|222.71|222.4|225.43|226.19|226.55|222.59|223.06|223.11|
||2018|225.92|230.18|231.36|235.23|238.15|243.29|247.22|253.68|270.47|276.06|270.31|269.64|
||2019|278.22|277.2|277.82|280.7|285.93|285.82|290.4|291.92|290.38|288.68|288.92|288.59|
||2020|293.97|293.85|296.48|294.49|296.62|303.89|307.94|311.23|313.97|313.69|318.5|318.72|
||2021|322.63|319.48|325.91|330.79|326.42|340.98|345.42|349.33|353.05|354.85|362.97|399.87|
||2022|434.95|446.78|459.21|473.95|503.09|513.25|536.34|554.23|566.04|573.24|585.15|599.62|
||2023|651.77|657.84|676.66|693.78|718.88|734.15|779.22|840.61|879.82|899.73|918.23|966.93|
||2024|1054.67|1088.33|1128.98|1158.56|1178.88|1181.99|1206.4|1237.44|1266.56|1274.41|1311.1|1330.19|
||2025|1403.22|1406.77|1437.88|1457.55|1485.88|1507.35|1538.36|1561.12|1581.3|1597.14|1650.27||
|091. (Audio-Visual, Photographic And Information Processing Equipment)|2005|91.1|90.67|92.64|91.35|97.32|105.32|102.08|101.76|99.43|97.77|97.57|97.78|
||2006|94.88|93.54|91.98|90.07|94.41|95.03|95.98|95.15|94.12|93.32|91.1|90.54|
||2007|90.65|89.23|87.66|87.2|83.46|83.1|81.55|81.02|80.2|79.64|78.76|77.68|
||2008|76.92|76.92|78.11|78.15|78.35|78.15|77.66|77.26|77.2|80.82|82.93|82.76|
||2009|85.18|84.42|84.52|81.62|80.05|80.4|80.38|78.86|78.49|79.1|79.85|79.69|
||2010|78.36|78.07|78.88|77.26|76.69|76.18|74.67|74.14|73.41|72.39|72.28|72.61|
||2011|71.92|70.89|70.44|69.33|68.64|68.48|68.58|69.46|69.23|70.25|70.23|69.97|
||2012|69.02|68.22|68.51|68.68|67.38|67.27|65.51|65.7|65.52|64.49|63.84|63.76|
||2013|62.95|62.61|62.62|61.63|61.26|60.91|61.1|60.54|61.51|61.86|62.68|63.49|
||2014|63.47|64.62|65.1|64.02|62.94|61.03|61.73|60.96|60.6|60.62|60.55|60.54|
||2015|62.37|61.91|62.79|62.93|63.74|62.73|61.68|62.95|63.65|64.71|65.01|64.8|
||2016|66.49|66.85|66.42|66.1|65.47|65.02|65.66|65.36|64.96|64.47|65.12|66.17|
||2017|69.61|72.11|71.9|71.78|71.52|71.41|71.97|71.56|72.04|71.77|72.87|72.77|
||2018|72.79|73.14|72.97|72.91|73.67|75.97|76.39|79.64|92.32|94.45|88.51|89.05|
||2019|89.53|88.52|87.27|87.78|88.67|87.13|87.48|87.04|86.47|85.25|83.83|83.86|
||2020|83.92|83.4|84.57|84.88|86.09|87.74|88.19|88.8|90.93|93.21|96.87|97.73|
||2021|98.29|97.5|97.86|101.13|100.37|103.72|104.55|104.73|105.43|108.39|109.52|129.59|
||2022|144.8|145.78|145.47|144.43|145.01|144.94|149.18|152.18|152.44|156.84|156.97|160.16|
||2023|167.41|167.2|167.0|169.74|172.85|178.5|192.13|203.11|207.51|213.31|214.57|226.74|
||2024|244.69|246.66|253.38|256.38|248.69|236.81|243.07|242.24|244.43|250.48|258.53|264.33|
||2025|271.2|273.09|271.5|273.67|274.45|277.3|279.03|278.23|283.36|285.64|293.18||
|092. (Other Major Durables For Recreation And Culture)|2005|115.83|115.36|113.24|113.05|114.63|114.51|114.31|115.26|116.89|117.94|117.67|118.38|
||2006|118.13|117.85|118.08|117.85|117.56|118.49|118.98|120.79|123.21|123.76|124.14|124.32|
||2007|124.65|124.0|124.42|124.5|124.62|124.83|124.92|124.94|125.04|125.75|125.73|125.36|
||2008|125.57|125.74|125.57|126.3|127.55|127.98|128.1|128.82|131.16|131.59|133.22|134.44|
||2009|135.86|137.64|138.7|138.91|139.24|139.28|139.38|139.48|141.17|141.97|141.65|142.64|
||2010|142.62|142.78|142.76|143.46|143.73|143.8|143.87|143.72|143.93|144.7|144.89|144.87|
||2011|144.89|145.13|145.36|147.75|149.17|150.12|150.02|150.63|152.49|155.02|156.13|157.54|
||2012|158.6|160.7|162.66|164.29|166.39|167.16|167.56|169.12|174.72|178.88|180.63|181.56|
||2013|182.88|183.65|184.64|185.24|185.0|184.47|184.25|184.42|187.4|188.01|188.25|189.18|
||2014|189.94|193.1|196.94|198.15|197.73|198.4|198.84|199.69|203.99|207.6|210.0|211.71|
||2015|212.42|214.62|215.78|217.46|218.24|218.76|220.73|222.16|225.75|230.03|231.18|232.12|
||2016|233.21|235.43|237.13|238.87|240.09|240.67|241.21|241.61|246.42|251.65|254.13|257.23|
||2017|260.71|270.98|284.33|293.38|295.83|298.64|300.43|304.19|310.2|316.7|318.68|320.0|
||2018|321.54|323.75|328.25|330.54|333.1|336.58|340.16|350.09|407.08|434.62|442.87|445.27|
||2019|454.62|458.92|466.61|471.61|476.2|477.6|479.04|489.99|506.82|514.12|519.85|522.13|
||2020|522.53|518.79|518.33|513.88|514.52|516.22|523.55|526.87|532.66|535.7|544.98|555.38|
||2021|558.81|563.91|568.91|583.74|584.91|606.75|616.33|632.42|666.85|683.2|708.1|775.84|
||2022|844.15|941.62|1061.1|1100.2|1190.5|1211.45|1225.88|1275.43|1356.82|1436.03|1480.76|1500.88|
||2023|1535.8|1552.63|1562.6|1569.15|1577.74|1590.28|1631.59|1767.26|1828.41|1886.47|1932.49|1920.23|
||2024|1992.36|2103.08|2237.27|2280.74|2351.88|2374.02|2381.87|2444.96|2479.53|2502.46|2505.37|2517.04|
||2025|2543.67|2574.37|2608.39|2634.43|2659.64|2688.49|2693.99|2693.9|2740.35|2753.22|2758.87||
|093. (Other Recreational Items And Equipment, Gardens And Pets)|2005|120.99|122.42|123.16|124.65|125.53|125.99|125.42|124.62|125.42|126.25|126.48|127.21|
||2006|128.03|128.65|129.7|130.83|132.57|136.05|140.12|143.85|145.42|147.96|149.5|150.14|
||2007|150.32|151.19|151.94|152.18|152.94|153.63|153.76|153.87|154.52|155.05|155.67|156.12|
||2008|156.07|156.37|157.59|159.14|160.3|161.96|163.72|163.65|164.1|164.89|166.94|168.35|
||2009|169.22|169.52|171.66|173.14|174.48|174.24|175.17|174.38|175.84|178.43|179.82|180.48|
||2010|179.58|179.88|180.41|181.69|182.25|183.05|183.78|184.43|186.31|186.0|186.25|186.46|
||2011|185.74|186.24|189.22|190.59|191.84|192.35|192.66|193.61|197.3|201.28|205.19|207.91|
||2012|211.0|211.79|215.41|217.56|219.01|221.89|222.61|223.88|227.33|228.76|230.01|231.07|
||2013|231.86|232.66|233.32|235.9|237.58|240.46|241.18|243.21|245.75|248.52|251.3|256.52|
||2014|258.37|264.27|272.31|277.96|280.31|283.07|285.06|286.33|291.79|294.8|296.68|299.22|
||2015|300.94|302.07|304.67|304.57|309.04|310.29|308.77|312.07|313.82|320.58|319.07|319.08|
||2016|322.3|320.2|324.23|327.41|327.42|324.16|322.1|329.61|329.46|327.5|326.18|326.43|
||2017|327.5|333.44|337.37|339.61|342.23|342.02|340.51|341.19|345.16|346.94|351.75|354.38|
||2018|357.25|355.85|360.04|369.82|370.61|365.7|372.1|382.64|412.36|433.76|439.29|435.27|
||2019|440.21|448.4|456.57|460.02|457.17|439.87|457.67|461.69|464.85|459.85|472.45|468.55|
||2020|472.37|458.36|475.89|479.73|487.46|504.75|509.62|506.05|508.26|499.92|518.43|510.99|
||2021|532.73|494.78|541.84|555.53|529.86|553.35|549.52|562.93|565.21|540.99|576.21|650.96|
||2022|710.28|722.74|763.88|841.78|894.48|924.52|971.7|992.43|996.19|921.67|971.12|996.67|
||2023|1131.88|1114.95|1169.23|1176.3|1208.13|1201.69|1264.63|1346.31|1402.41|1356.54|1419.99|1501.22|
||2024|1611.42|1594.78|1719.91|1776.83|1792.94|1849.32|1849.37|1887.04|1938.63|1835.84|1945.77|1981.27|
||2025|2078.36|1951.11|2127.21|2077.3|2176.8|2200.13|2276.53|2278.1|2227.01|2160.95|2306.51||
|094. (Recreational And Cultural Services)|2005|129.86|132.04|132.85|132.78|133.31|134.68|134.96|136.98|140.19|140.61|140.75|140.52|
||2006|140.64|139.47|139.16|140.66|143.67|144.03|144.06|143.42|146.57|145.22|145.88|146.53|
||2007|147.55|149.17|146.71|150.26|151.54|155.76|156.0|158.33|158.43|158.61|160.35|158.49|
||2008|156.19|153.61|159.61|158.01|160.46|160.67|160.35|163.44|161.56|161.68|163.44|163.74|
||2009|165.78|163.41|158.47|161.89|159.71|159.16|159.34|167.42|185.15|187.52|181.71|179.33|
||2010|180.44|179.7|182.31|183.5|180.51|180.48|180.77|182.95|188.26|188.03|185.01|189.08|
||2011|192.61|190.11|190.53|192.04|191.94|191.36|191.39|191.79|195.01|196.13|194.62|196.34|
||2012|204.59|205.64|206.23|207.08|207.38|208.6|208.69|209.56|213.52|217.52|214.57|216.34|
||2013|218.73|217.14|218.8|219.76|221.46|221.97|222.31|223.57|228.43|229.12|229.03|232.45|
||2014|234.57|233.76|235.12|238.56|237.63|238.0|238.87|240.26|244.8|248.4|248.7|246.07|
||2015|254.85|256.02|256.05|258.09|258.88|262.08|262.74|268.75|270.48|271.95|273.91|272.49|
||2016|278.45|278.55|280.11|285.6|284.17|280.86|282.85|285.9|289.29|289.07|292.41|295.45|
||2017|298.1|299.37|302.01|302.91|304.81|294.8|295.7|298.4|303.49|304.85|304.97|306.75|
||2018|314.59|316.68|317.8|319.06|319.09|320.54|323.03|327.87|332.64|338.97|343.19|342.29|
||2019|347.4|348.46|352.51|351.66|350.93|353.17|355.54|360.42|367.47|371.91|372.7|373.93|
||2020|384.08|387.22|386.29|386.41|386.5|387.82|389.27|394.44|402.77|404.71|407.17|407.63|
||2021|411.24|415.21|419.75|417.23|417.53|440.55|451.32|456.5|464.03|469.74|475.84|484.52|
||2022|516.01|535.89|548.78|565.11|581.85|591.57|617.82|647.46|665.02|683.92|697.83|717.33|
||2023|824.33|841.3|855.49|878.95|912.6|935.64|993.86|1098.96|1152.61|1215.88|1239.42|1304.6|
||2024|1471.69|1522.18|1568.02|1644.35|1728.45|1758.82|1805.9|1887.76|1960.37|1989.14|2017.17|2030.34|
||2025|2256.16|2320.65|2359.42|2438.54|2497.22|2559.92|2606.33|2682.68|2747.73|2811.6|2847.05||
|095. (Newspapers, Books And Stationery)|2005|121.89|120.26|113.97|114.46|117.56|119.72|120.95|120.29|123.35|127.65|128.5|128.51|
||2006|129.36|131.04|128.01|133.28|132.11|131.25|134.29|136.07|138.51|142.81|141.55|141.53|
||2007|141.62|142.37|145.19|146.54|144.76|146.08|146.77|148.59|148.5|148.33|148.83|149.36|
||2008|148.46|149.81|147.68|147.06|149.82|151.72|153.97|153.68|156.95|155.86|158.92|161.16|
||2009|164.53|167.82|170.94|183.89|187.97|186.06|203.82|203.41|203.4|204.17|205.85|206.97|
||2010|209.68|206.42|204.88|204.68|205.92|209.16|209.15|210.14|214.03|210.03|206.9|202.8|
||2011|201.51|204.38|207.61|207.87|215.91|213.8|208.92|212.54|213.74|219.09|217.51|224.8|
||2012|225.04|223.96|222.37|225.01|230.42|232.49|231.25|234.77|232.59|232.78|237.82|233.27|
||2013|236.64|232.95|234.26|241.18|239.31|244.23|242.4|238.64|236.9|248.85|259.86|250.64|
||2014|257.56|256.22|253.3|256.55|263.64|267.41|272.99|276.0|275.22|276.12|275.7|281.56|
||2015|283.03|287.39|290.06|292.61|296.79|297.45|298.29|299.97|308.39|314.97|316.46|317.03|
||2016|321.24|328.48|329.4|337.36|333.37|338.29|336.87|340.0|343.89|345.62|345.57|346.26|
||2017|353.6|361.22|367.64|370.93|373.23|380.57|383.5|386.37|393.5|396.79|400.09|402.4|
||2018|409.83|414.81|417.75|423.61|425.28|426.82|432.7|444.63|490.71|509.13|511.55|507.35|
||2019|510.18|514.73|504.77|507.28|511.02|513.29|517.66|521.85|527.19|536.84|542.72|542.01|
||2020|543.02|544.59|547.55|520.34|525.77|555.56|558.09|564.66|572.06|573.61|577.9|580.94|
||2021|584.61|587.94|590.95|598.53|583.55|610.12|617.88|626.28|642.0|646.8|668.1|747.19|
||2022|816.32|854.94|891.47|922.24|967.66|1003.05|1082.64|1138.6|1190.64|1259.64|1286.3|1328.82|
||2023|1372.46|1398.3|1441.87|1455.89|1522.54|1564.65|1656.09|1796.39|1878.72|1918.34|1938.79|1977.84|
||2024|2167.67|2357.78|2442.84|2482.18|2568.73|2612.67|2707.16|2835.55|2893.6|2947.61|2983.1|3048.97|
||2025|3105.16|3127.83|3174.93|3216.47|3272.46|3304.36|3439.46|3532.29|3587.75|3641.71|3681.9||
|096. (Package Holidays)|2005|111.52|110.47|108.63|106.36|113.34|119.3|124.9|129.68|117.15|113.11|109.79|111.4|
||2006|111.33|100.95|102.61|115.03|122.07|139.02|140.34|146.46|146.36|154.95|145.12|155.16|
||2007|152.72|144.78|145.19|145.98|141.1|146.97|154.25|155.25|149.77|154.76|150.54|151.93|
||2008|148.16|150.94|152.88|154.63|165.27|171.7|175.95|175.84|171.93|169.95|171.71|175.47|
||2009|174.3|174.32|172.74|170.82|171.67|199.67|199.87|197.15|197.06|198.47|195.61|190.71|
||2010|188.8|188.94|192.29|193.88|194.25|186.83|193.02|190.42|188.95|183.82|183.6|184.09|
||2011|182.44|183.36|184.77|189.46|196.41|226.94|255.02|254.3|249.52|244.03|247.53|242.74|
||2012|242.27|240.66|240.75|242.4|247.77|256.69|260.08|260.91|254.34|247.02|243.46|243.14|
||2013|242.71|242.06|241.68|246.94|254.59|270.95|275.17|287.08|276.49|265.33|254.29|252.72|
||2014|261.45|261.77|264.6|258.96|263.58|280.72|323.07|333.97|324.06|311.9|283.04|278.88|
||2015|270.64|278.33|289.87|305.81|310.36|369.87|374.87|387.48|390.66|372.95|351.69|352.3|
||2016|360.85|346.61|336.63|332.76|369.59|374.82|392.26|387.68|368.11|347.81|363.67|378.45|
||2017|385.58|363.43|388.21|399.52|457.98|471.83|499.09|502.04|476.0|420.1|405.32|397.33|
||2018|399.67|442.85|449.14|480.77|508.84|551.75|578.74|588.58|565.4|550.39|517.19|514.06|
||2019|606.51|582.0|593.72|624.71|692.06|719.82|745.75|744.83|691.99|658.67|650.2|646.86|
||2020|686.07|697.02|698.82|698.82|698.82|720.2|761.83|782.44|755.22|726.6|716.89|713.87|
||2021|714.12|714.52|716.63|721.69|731.85|766.3|792.2|800.42|765.5|741.5|732.82|736.58|
||2022|740.99|746.63|766.57|777.19|1329.34|1375.81|1388.17|1391.16|1437.73|1400.57|1411.14|1410.12|
||2023|1443.0|1474.44|1634.9|1799.62|1926.83|1962.41|2067.04|2172.16|2390.98|2369.62|2447.39|2697.38|
||2024|2800.05|2974.76|3044.33|3038.02|3066.27|3080.99|3070.49|3056.1|3065.1|3075.41|3286.05|3316.54|
||2025|3390.14|3364.77|3443.02|3505.95|3520.82|3515.9|3563.94|3596.97|3625.58|3694.11|4166.51||
|10. (Education)|2005|130.87|130.31|130.18|130.06|130.53|134.76|135.98|136.93|140.37|140.49|140.69|140.69|
||2006|140.73|140.7|140.91|141.07|141.47|144.24|145.8|146.39|151.74|151.67|151.51|151.56|
||2007|151.56|151.68|151.53|152.06|152.68|156.07|157.19|157.6|161.19|160.88|160.68|160.6|
||2008|160.64|160.59|161.22|161.42|162.89|166.78|168.22|169.07|172.52|172.14|172.5|172.36|
||2009|172.35|171.76|171.94|172.11|173.31|174.92|176.54|176.91|181.33|181.64|181.79|181.79|
||2010|181.91|181.94|182.59|182.43|183.53|185.44|187.08|187.34|189.52|189.69|189.43|189.52|
||2011|189.59|189.85|190.41|190.89|193.06|195.78|197.2|197.81|201.35|201.83|201.97|201.79|
||2012|201.69|201.91|202.26|203.32|205.55|208.99|211.26|213.27|210.73|211.31|211.46|211.5|
||2013|211.72|212.43|212.62|213.91|217.61|221.93|223.73|226.4|232.1|232.74|232.74|232.76|
||2014|232.89|233.39|233.84|236.1|238.43|242.53|243.97|245.79|250.17|251.47|252.09|252.11|
||2015|252.16|251.97|252.48|254.71|255.87|257.66|258.97|262.61|264.93|267.65|268.11|268.22|
||2016|268.44|268.74|270.01|272.37|275.21|277.82|279.41|286.71|292.4|293.3|293.59|293.62|
||2017|293.76|293.81|296.58|298.63|301.31|304.47|307.66|316.25|322.84|324.03|324.3|324.39|
||2018|325.12|325.77|328.83|331.06|334.48|337.33|340.92|343.62|357.3|357.32|357.38|357.45|
||2019|357.71|363.56|368.84|373.49|378.42|384.11|387.55|404.05|407.32|408.07|408.68|409.15|
||2020|411.75|415.3|418.17|419.61|420.78|428.92|436.37|438.38|438.08|438.1|437.27|437.14|
||2021|437.0|440.77|452.99|462.46|465.25|475.51|482.69|485.51|510.5|511.38|511.79|512.48|
||2022|518.57|538.78|574.08|590.69|593.12|607.51|612.13|652.23|697.79|700.33|702.09|703.46|
||2023|734.81|776.63|825.57|851.01|894.78|915.55|940.04|969.31|1262.74|1266.39|1274.22|1280.69|
||2024|1321.25|1489.88|1684.75|1734.87|1832.52|1896.16|1922.36|2140.36|2444.56|2452.54|2452.77|2454.37|
||2025|2641.58|2903.73|3039.63|3108.85|3145.81|3286.64|3374.43|3444.14|4060.48|4063.68|4075.8||
|101. (Pre-Primary And Primary Education)|2005|133.37|132.86|132.93|132.83|132.82|140.03|141.87|142.69|143.74|144.16|144.15|144.12|
||2006|144.16|143.96|143.94|143.96|144.86|150.81|151.95|152.41|154.99|155.53|155.6|155.61|
||2007|155.63|155.68|155.68|155.72|158.0|163.22|165.87|167.06|171.09|167.42|166.82|166.52|
||2008|166.53|166.19|165.93|166.02|167.76|174.68|176.53|178.02|189.49|189.52|189.69|189.7|
||2009|189.69|189.71|189.73|189.9|191.12|196.37|198.68|199.36|205.62|205.9|206.04|206.17|
||2010|206.19|206.19|206.19|206.18|209.16|213.96|216.68|217.46|218.42|217.77|216.05|215.89|
||2011|215.85|215.85|215.85|216.73|222.03|228.25|231.92|231.22|229.6|229.77|230.29|229.88|
||2012|229.02|229.01|229.0|230.51|236.82|241.86|247.04|248.79|253.07|254.59|254.68|254.74|
||2013|254.64|254.73|253.28|255.21|260.01|266.99|270.55|272.79|280.98|282.73|282.71|282.71|
||2014|282.7|282.93|282.63|288.32|292.18|298.28|300.52|302.55|305.96|307.21|307.63|307.84|
||2015|307.8|307.71|309.01|314.22|317.06|321.41|323.52|327.61|333.26|336.6|337.1|337.44|
||2016|337.43|338.08|340.95|345.66|350.26|355.15|357.88|361.38|377.93|378.82|378.84|379.1|
||2017|379.39|379.7|385.36|389.34|394.65|398.22|404.17|407.36|423.48|424.32|424.39|424.44|
||2018|424.81|424.78|431.86|436.97|442.84|445.82|452.22|455.45|468.5|469.36|469.35|469.77|
||2019|469.59|484.24|495.66|506.6|516.07|526.25|532.53|539.03|542.21|541.94|541.94|542.41|
||2020|548.13|555.19|562.11|565.21|568.46|586.99|602.61|607.31|586.6|584.99|583.1|583.1|
||2021|582.65|589.53|614.25|631.05|637.72|661.6|676.29|682.05|686.65|686.65|686.65|686.65|
||2022|692.69|735.01|804.62|836.6|838.29|862.36|864.27|877.65|892.49|892.96|892.96|892.96|
||2023|940.08|1030.3|1130.69|1175.77|1246.85|1285.5|1310.64|1333.52|1353.36|1354.59|1354.59|1354.59|
||2024|1401.62|1688.56|2044.47|2133.69|2304.99|2406.28|2445.44|2502.15|2539.16|2541.32|2541.32|2541.32|
||2025|2841.81|3318.81|3549.32|3646.7|3705.31|3956.3|4103.44|4200.64|4343.38|4343.38|4343.38||
|102. (Secondary Education)|2005|131.17|132.65|132.64|132.65|132.65|143.23|146.04|147.33|147.35|147.44|147.81|147.81|
||2006|147.82|147.82|147.82|147.82|148.82|156.92|159.45|159.93|160.81|161.12|161.12|161.12|
||2007|161.23|161.43|160.77|162.29|163.76|169.79|171.41|171.86|172.51|172.64|172.65|172.63|
||2008|172.67|172.67|175.06|176.73|179.68|185.21|186.83|187.61|187.62|186.09|186.11|186.0|
||2009|186.0|185.07|184.71|184.51|186.81|189.47|192.25|192.59|193.33|193.08|193.12|193.12|
||2010|193.3|194.38|195.58|196.17|197.54|200.99|202.91|203.23|204.81|204.92|205.0|205.21|
||2011|205.29|205.46|206.09|207.05|210.53|214.3|216.8|217.57|218.38|218.38|218.36|218.37|
||2012|218.26|218.8|219.27|221.03|223.95|229.33|232.54|236.95|238.65|239.11|239.13|239.15|
||2013|239.62|240.7|242.26|243.95|251.31|257.05|259.91|264.42|267.95|268.12|268.36|268.23|
||2014|268.58|269.51|270.11|271.8|274.93|281.77|283.95|286.05|289.03|290.52|291.81|291.99|
||2015|291.97|291.61|291.89|295.47|297.49|299.58|300.72|302.29|303.29|306.48|306.66|306.67|
||2016|306.72|308.87|312.28|317.49|323.84|330.72|333.46|335.33|336.79|338.04|338.04|337.7|
||2017|338.16|337.77|343.48|348.25|353.77|360.59|366.05|369.4|371.59|372.54|372.78|372.77|
||2018|373.97|375.41|380.45|384.06|391.02|399.81|407.84|411.83|413.66|413.72|413.66|413.74|
||2019|412.62|422.06|432.07|439.2|447.85|457.24|462.5|470.43|472.69|472.72|472.72|473.29|
||2020|478.22|484.68|489.83|492.75|494.64|510.06|523.49|526.68|507.93|505.79|503.84|503.84|
||2021|503.21|510.25|530.67|548.63|552.6|568.33|579.57|584.5|588.12|588.23|588.23|588.27|
||2022|593.82|625.42|687.02|712.82|713.14|737.8|741.31|753.18|763.2|763.45|763.45|763.45|
||2023|802.81|867.55|949.13|990.64|1058.72|1075.04|1096.75|1118.89|1143.38|1144.4|1144.4|1144.4|
||2024|1197.2|1457.95|1768.48|1840.16|1983.64|2066.98|2097.75|2137.66|2161.26|2163.08|2163.08|2163.08|
||2025|2448.7|2834.64|3040.88|3150.62|3195.05|3394.55|3523.31|3598.63|3689.48|3689.48|3689.48||
|103. (Post-Secondary Non-Tertiary Education)|2005|130.83|129.47|129.22|129.13|130.56|134.89|136.2|137.65|140.17|139.65|139.66|139.66|
||2006|139.74|139.64|140.11|140.49|140.78|142.58|143.93|144.01|144.68|143.21|142.34|142.39|
||2007|142.27|142.29|142.1|142.92|142.87|147.3|148.38|148.67|149.06|149.27|148.93|148.74|
||2008|148.69|148.69|149.22|148.73|150.19|154.25|156.11|156.54|156.16|153.35|154.17|153.79|
||2009|153.78|152.76|153.2|153.63|155.1|156.42|158.13|158.98|160.97|161.23|161.32|161.31|
||2010|161.53|161.12|162.17|161.54|162.38|163.97|166.31|166.57|166.59|166.88|166.93|167.09|
||2011|167.18|167.82|168.94|169.41|171.15|174.14|175.38|176.92|178.9|179.84|179.87|179.55|
||2012|179.95|179.95|180.62|181.36|182.93|187.76|189.32|191.94|193.91|194.01|194.16|194.18|
||2013|194.83|196.32|197.61|199.74|203.47|208.03|208.84|212.1|213.81|213.9|213.52|213.66|
||2014|214.04|215.58|217.35|218.38|220.53|225.23|227.13|228.99|230.53|231.1|232.07|232.17|
||2015|232.19|231.68|231.75|231.82|231.82|231.82|231.82|231.82|231.83|234.21|234.84|234.84|
|104. (Tertiary Education)|2005|129.67|129.67|129.67|129.67|129.67|129.67|129.67|129.67|137.8|137.8|137.8|137.8|
||2006|137.8|137.8|137.8|137.8|137.8|137.8|139.76|141.01|154.94|155.64|155.72|155.74|
||2007|155.74|155.74|155.74|155.74|155.74|155.74|156.01|156.29|165.79|166.09|166.09|166.09|
||2008|166.09|166.09|166.09|166.09|166.09|166.09|167.05|168.41|175.53|178.91|178.91|178.91|
||2009|178.91|178.91|178.91|179.23|179.23|179.23|179.23|179.23|190.83|190.83|190.83|190.83|
||2010|190.83|190.83|190.83|190.83|190.83|190.83|190.83|190.83|198.75|198.75|198.75|198.75|
||2011|198.75|198.75|198.75|198.75|198.75|198.75|198.75|198.75|210.01|210.01|210.01|210.01|
||2012|210.11|210.11|210.11|210.11|210.11|210.11|210.11|210.11|186.8|186.94|186.94|186.94|
||2013|186.94|186.94|186.94|186.94|186.94|186.94|186.94|186.94|199.18|199.18|199.18|199.18|
||2014|199.18|199.18|199.18|199.18|199.18|199.18|199.18|200.4|215.35|215.35|215.35|215.35|
||2015|215.35|215.35|215.35|215.35|215.35|215.35|217.32|227.16|228.22|229.52|229.52|229.52|
||2016|229.52|229.52|229.52|229.52|229.52|229.52|229.52|245.56|247.27|247.69|247.69|247.69|
||2017|247.69|247.69|247.69|247.69|247.69|247.69|247.69|266.76|271.29|271.29|271.29|271.29|
||2018|271.29|271.29|271.29|271.29|271.29|271.29|271.29|271.29|296.86|296.86|296.86|296.86|
||2019|296.86|296.86|296.86|296.86|296.86|296.86|296.86|332.12|333.4|333.4|333.4|333.4|
||2020|333.4|333.4|333.4|333.4|333.4|333.4|333.4|333.4|354.87|354.31|353.56|353.56|
||2021|353.56|353.56|353.56|353.56|353.56|353.56|353.56|353.56|419.73|419.73|419.73|419.73|
||2022|419.73|419.73|419.73|419.73|419.73|419.73|419.73|521.48|639.86|641.26|641.26|641.26|
||2023|641.26|641.26|641.26|641.26|641.26|641.26|641.26|641.26|1460.3|1460.3|1466.3|1466.3|
||2024|1466.3|1466.3|1466.3|1466.3|1466.3|1466.3|1466.3|2099.73|3050.38|3050.38|3050.38|3050.38|
||2025|3050.38|3050.38|3050.38|3050.38|3050.38|3050.38|3050.38|3105.32|5020.37|5020.37|5020.37||
|105. (Education Not Definable By Level)|2005|129.64|125.29|124.32|123.27|123.64|123.44|124.12|126.44|127.71|130.56|132.38|132.5|
||2006|132.62|132.97|133.97|134.51|134.75|135.67|135.23|135.61|138.44|138.89|139.73|140.07|
||2007|140.23|141.2|141.56|141.5|141.52|142.63|142.4|142.16|143.63|144.98|144.95|145.4|
||2008|146.03|146.18|146.44|146.73|147.66|149.78|149.14|149.08|150.06|152.44|153.02|153.28|
||2009|153.27|152.88|154.1|153.55|153.38|149.75|150.2|148.59|152.48|155.24|156.45|156.17|
||2010|156.3|155.49|156.0|155.11|155.35|153.62|153.65|153.31|154.34|155.99|155.94|156.26|
||2011|156.55|156.82|157.53|157.58|158.05|158.18|157.57|158.45|163.57|165.03|165.48|165.31|
||2012|165.27|166.03|166.73|168.07|167.21|167.56|168.34|168.86|170.53|171.3|171.99|172.13|
||2013|172.25|173.16|173.34|173.0|174.06|175.72|176.28|179.3|184.03|184.67|184.97|185.05|
||2014|185.02|184.79|185.22|185.49|186.87|188.11|188.25|190.13|191.07|194.89|195.5|194.89|
||2015|195.32|195.33|195.7|196.25|196.21|197.16|198.24|201.53|203.3|206.69|207.75|207.78|
||2016|208.96|207.07|205.83|205.8|207.28|206.31|207.89|211.57|213.89|215.29|216.91|217.11|
||2017|216.89|217.29|217.68|217.46|218.05|222.3|225.26|226.85|230.85|235.59|236.78|237.3|
||2018|239.57|241.49|242.58|243.6|245.47|244.5|244.78|251.23|259.07|257.78|258.29|258.02|
||2019|262.55|263.04|263.15|265.47|268.91|275.41|279.97|282.32|293.45|299.38|303.9|305.45|
||2020|306.02|308.42|308.81|308.81|308.81|309.64|313.91|315.4|322.29|331.38|334.46|333.44|
||2021|334.78|335.27|340.57|341.67|343.49|347.66|352.82|353.34|363.83|370.75|374.14|379.69|
||2022|402.81|414.31|423.0|436.69|451.92|462.35|485.3|496.43|512.25|526.8|540.14|550.47|
||2023|624.07|651.83|674.77|698.52|757.44|823.93|922.24|1059.99|1158.0|1182.2|1228.26|1279.11|
||2024|1379.48|1469.68|1493.23|1533.62|1603.15|1705.61|1765.49|1824.82|1921.93|1986.58|1988.77|2003.87|
||2025|2116.24|2204.83|2263.38|2318.89|2390.22|2480.61|2540.07|2578.41|2642.14|2674.76|2798.67||
|11. (Hotels, Cafes And Restaurants)|2005|124.44|126.28|129.26|130.48|131.7|132.69|133.97|134.86|137.06|139.29|140.57|141.29|
||2006|142.75|144.43|145.56|147.23|150.47|151.74|152.82|153.94|156.9|158.8|159.93|160.42|
||2007|162.23|163.24|164.59|165.48|166.9|167.79|168.6|169.79|171.6|174.25|176.84|177.85|
||2008|179.62|181.23|183.42|186.61|189.71|191.82|193.61|195.12|197.13|199.31|201.29|201.75|
||2009|203.32|204.52|205.55|206.39|207.22|208.0|208.87|209.79|211.59|214.21|215.15|216.5|
||2010|218.9|221.46|223.64|226.23|228.27|228.73|229.51|230.58|232.29|234.8|236.84|237.63|
||2011|239.44|240.51|241.55|242.75|244.71|245.89|247.39|248.98|251.72|254.23|255.81|257.12|
||2012|259.06|260.24|262.23|265.36|267.79|269.09|270.56|272.23|276.25|278.11|279.96|281.06|
||2013|283.73|285.13|286.89|289.15|291.31|293.13|294.84|297.09|301.48|304.32|306.28|308.77|
||2014|314.1|318.55|322.79|325.23|328.83|331.87|335.34|340.85|344.98|347.96|350.15|351.95|
||2015|355.13|358.89|363.99|368.6|373.02|377.07|381.63|389.47|393.24|395.88|397.2|398.51|
||2016|402.81|405.97|408.61|410.45|412.54|414.58|419.63|423.08|425.9|428.88|430.96|432.87|
||2017|437.38|441.13|444.22|448.49|452.46|457.12|465.12|469.91|474.68|478.02|480.22|482.5|
||2018|487.35|492.0|496.07|501.78|509.07|517.92|529.6|539.58|565.3|573.91|576.29|578.07|
||2019|584.28|589.39|593.31|600.02|609.71|625.87|634.74|639.51|649.38|652.6|651.59|654.18|
||2020|663.25|668.69|674.5|675.32|676.43|695.55|704.05|715.0|720.26|725.37|733.6|737.25|
||2021|748.72|758.58|778.33|788.85|796.33|826.76|849.27|868.59|887.83|908.36|945.62|1038.39|
||2022|1126.11|1177.29|1248.45|1335.19|1408.17|1484.48|1521.38|1571.7|1609.96|1652.46|1704.95|1749.45|
||2023|1972.21|2052.51|2131.51|2221.87|2379.55|2482.39|2778.32|2975.44|3098.92|3207.76|3288.15|3380.6|
||2024|3792.03|3997.92|4155.88|4350.91|4591.01|4733.07|4890.87|4989.92|5125.8|5199.55|5240.77|5311.78|
||2025|5656.88|5833.16|5958.51|6172.43|6285.48|6417.44|6561.51|6684.69|6863.98|6955.87|7017.75||
|111. (Catering Services)|2005|126.0|128.18|129.64|130.21|132.02|133.06|134.08|134.87|135.85|137.89|139.43|140.44|
||2006|141.77|143.3|144.75|146.15|147.57|148.34|149.62|150.96|152.44|154.07|155.68|156.56|
||2007|158.22|159.17|160.57|161.51|163.01|163.95|164.74|165.87|167.38|170.24|172.96|174.06|
||2008|175.22|176.98|179.21|182.55|185.87|188.09|189.93|191.48|193.36|195.48|197.51|198.0|
||2009|199.1|200.37|201.36|202.32|203.2|203.94|204.89|205.88|207.58|210.34|211.35|212.8|
||2010|215.2|217.95|220.21|222.78|224.87|225.36|226.09|227.24|228.97|231.57|233.76|234.72|
||2011|236.23|237.3|238.26|239.4|241.21|242.34|243.72|245.19|247.94|250.45|252.3|253.75|
||2012|255.52|256.86|258.88|261.83|264.54|265.86|267.33|269.1|273.01|274.84|276.9|278.04|
||2013|280.44|281.86|283.7|286.03|288.23|290.07|292.07|294.42|298.35|301.33|303.68|306.42|
||2014|311.3|316.14|320.36|323.11|326.92|330.23|333.92|339.64|344.04|347.19|350.0|352.53|
||2015|355.81|359.73|364.54|369.37|374.18|378.28|383.64|391.31|394.94|398.82|401.02|402.68|
||2016|406.6|410.31|413.29|415.36|417.84|421.08|426.59|430.16|433.19|435.94|438.6|440.92|
||2017|445.69|450.33|453.59|458.22|462.57|468.06|476.25|480.6|484.03|487.82|490.43|493.28|
||2018|498.83|503.77|507.06|512.22|519.41|528.78|540.26|547.64|573.58|586.24|590.88|593.14|
||2019|599.32|605.2|609.2|615.0|625.19|639.4|648.52|652.82|659.45|664.38|666.31|669.67|
||2020|678.8|685.05|692.56|693.71|695.16|716.86|724.76|735.34|741.44|747.19|757.37|762.51|
||2021|774.67|785.62|806.62|817.48|826.01|856.69|878.87|898.18|916.37|935.0|974.62|1073.68|
||2022|1165.48|1223.38|1299.83|1397.32|1469.36|1542.22|1580.67|1632.76|1676.13|1723.6|1783.05|1836.5|
||2023|2073.89|2166.74|2259.58|2361.51|2526.6|2621.5|2924.58|3139.52|3269.45|3404.65|3504.2|3615.4|
||2024|4074.01|4312.1|4492.9|4708.07|4968.9|5114.28|5276.55|5377.31|5478.55|5576.97|5644.37|5730.56|
||2025|6110.51|6315.35|6465.67|6688.87|6797.2|6920.61|7064.9|7198.75|7339.22|7463.11|7563.99||
|112. (Accommodation Services)|2005|122.45|123.87|128.77|130.81|131.28|132.2|133.81|134.83|138.56|141.04|142.0|142.35|
||2006|144.0|145.89|146.57|148.59|154.38|156.34|157.16|157.95|162.99|165.25|165.7|165.66|
||2007|168.61|169.96|170.6|170.84|171.12|171.28|172.15|173.72|178.03|178.15|178.94|178.82|
||2008|185.84|185.78|187.25|188.4|188.84|189.61|190.49|191.33|194.22|196.48|197.66|197.75|
||2009|204.17|204.33|205.57|204.81|205.0|206.03|205.79|205.68|208.28|208.7|208.73|208.57|
||2010|210.46|210.4|211.27|213.48|214.46|214.52|215.6|215.56|216.69|217.64|217.7|216.49|
||2011|221.33|222.21|223.92|225.61|228.79|230.38|232.84|235.52|237.48|239.31|237.43|236.79|
||2012|239.92|239.35|240.65|244.84|244.03|244.98|246.08|246.51|250.75|252.42|251.99|252.45|
||2013|256.91|257.93|258.58|259.89|261.31|262.53|261.46|262.41|269.91|270.97|269.25|269.1|
||2014|276.64|277.53|281.13|280.87|282.31|282.92|284.16|287.25|288.69|289.83|287.3|283.58|
||2015|285.51|287.53|293.64|295.97|297.02|299.99|298.53|306.05|310.06|304.12|299.49|298.25|
||2016|304.03|303.23|303.37|303.54|302.88|297.31|298.63|300.74|301.76|305.58|303.71|302.82|
||2017|305.08|303.6|305.19|306.8|307.99|307.55|312.92|318.88|329.42|329.85|329.5|328.49|
||2018|329.19|331.49|338.15|345.06|351.16|355.73|365.75|385.14|404.25|392.91|384.7|383.98|
||2019|388.91|389.65|392.35|401.32|406.72|427.22|433.04|438.65|459.62|455.1|442.13|441.01|
||2020|447.78|448.59|446.1|445.34|444.82|448.96|457.98|467.96|468.51|469.87|468.14|464.81|
||2021|469.72|469.88|477.75|484.53|482.95|508.47|531.38|548.97|574.76|608.43|623.24|656.99|
||2022|706.83|713.62|743.89|758.67|822.45|901.74|923.6|955.11|959.8|968.52|975.15|965.05|
||2023|1071.82|1077.3|1075.96|1093.72|1182.68|1298.68|1496.26|1568.66|1635.35|1600.43|1576.0|1562.8|
||2024|1676.1|1697.26|1721.27|1784.14|1878.4|1971.16|2070.9|2138.05|2383.09|2336.37|2259.06|2249.48|
||2025|2366.43|2384.99|2380.4|2500.02|2600.0|2728.35|2831.91|2880.41|3158.79|3103.06|2998.84||
|12. (Miscellaneous Goods And Services)|2005|114.34|113.12|114.66|115.84|115.9|116.86|115.85|117.38|119.31|121.34|122.47|125.41|
||2006|127.85|129.33|129.59|133.37|140.14|138.91|142.21|141.38|139.99|139.91|141.04|140.87|
||2007|141.97|143.68|144.39|144.88|143.87|142.98|142.67|143.61|144.74|146.22|148.92|148.02|
||2008|151.88|154.5|157.89|159.14|157.84|158.15|159.61|156.39|156.68|162.83|162.86|165.28|
||2009|170.62|176.48|178.82|174.26|174.87|176.58|178.15|179.23|182.08|183.77|187.08|188.01|
||2010|188.44|188.85|190.17|190.08|193.82|193.33|189.45|189.03|191.35|192.96|194.43|198.37|
||2011|201.09|202.75|205.12|205.68|208.7|210.94|214.04|223.78|229.99|227.78|231.64|232.38|
||2012|236.55|237.43|239.03|239.75|240.31|242.42|243.5|244.69|250.22|252.16|252.26|252.51|
||2013|256.83|256.38|257.12|254.84|253.89|254.01|253.16|256.3|258.72|257.65|258.18|258.16|
||2014|264.44|267.45|270.66|270.4|271.73|273.63|275.35|277.15|279.14|281.21|280.94|283.15|
||2015|290.28|292.0|293.51|297.16|298.32|300.69|300.98|304.61|310.49|313.76|312.89|314.29|
||2016|322.82|327.04|329.88|330.59|333.72|334.75|339.14|340.68|341.64|343.07|347.05|349.12|
||2017|363.95|368.96|371.14|375.83|372.42|374.37|375.11|377.78|382.85|386.41|393.53|393.72|
||2018|405.36|408.69|411.49|421.03|429.7|437.23|439.78|465.52|500.05|508.11|503.21|507.12|
||2019|525.48|523.44|526.48|536.67|544.63|554.76|558.23|563.18|574.97|576.33|573.8|576.22|
||2020|604.36|609.5|617.08|645.84|658.26|664.62|680.51|715.18|719.71|734.26|742.61|738.27|
||2021|752.59|735.14|749.69|763.86|776.23|797.18|798.23|807.87|819.88|834.22|878.92|999.42|
||2022|1080.25|1145.22|1201.16|1212.39|1249.45|1304.72|1331.59|1383.0|1427.08|1462.34|1500.57|1536.72|
||2023|1694.5|1722.54|1768.7|1793.74|1825.27|1872.13|2034.78|2188.36|2274.48|2344.59|2397.55|2442.95|
||2024|2693.38|2788.08|2878.32|2979.73|3028.08|3075.26|3165.67|3231.36|3336.37|3403.92|3447.8|3500.78|
||2025|3769.02|3879.47|3948.4|4053.22|4117.55|4188.78|4270.37|4298.77|4390.66|4429.52|4479.94||
|121. (Personal Care)|2005|112.81|113.91|115.35|116.16|116.16|116.76|116.99|117.28|117.31|117.85|118.15|118.4|
||2006|118.74|119.24|119.01|119.16|119.0|119.21|120.75|122.87|124.2|124.71|123.35|123.79|
||2007|124.15|125.17|125.66|125.68|125.4|125.06|125.06|125.4|125.94|127.14|128.33|128.3|
||2008|128.58|129.51|130.0|131.07|132.76|134.07|134.46|135.83|135.95|136.65|137.12|137.96|
||2009|139.87|140.55|141.21|141.32|141.59|142.28|143.24|143.09|143.42|143.8|143.69|143.22|
||2010|142.88|143.43|142.97|143.23|143.6|142.37|142.34|142.57|143.27|144.26|145.0|145.79|
||2011|146.44|148.14|148.81|149.45|150.17|150.68|151.27|152.1|153.51|154.71|157.92|159.17|
||2012|161.08|162.26|164.56|166.04|167.76|169.36|170.95|171.77|173.05|174.03|174.82|175.85|
||2013|176.82|177.44|178.46|179.21|180.23|180.98|181.0|181.15|181.61|182.03|183.42|184.58|
||2014|186.2|188.06|189.72|191.74|194.07|196.17|197.23|198.97|200.93|202.51|203.88|204.88|
||2015|206.51|206.5|207.27|209.09|209.78|211.6|213.0|214.04|215.42|217.01|218.58|219.76|
||2016|221.99|222.99|223.91|225.13|225.62|226.96|228.12|228.88|229.67|231.05|233.28|236.16|
||2017|240.28|244.99|247.49|250.93|252.36|254.57|257.02|257.71|260.67|261.58|262.77|266.01|
||2018|269.28|272.17|272.35|277.61|280.09|284.23|288.32|294.48|318.22|337.41|344.87|347.64|
||2019|351.95|349.39|348.81|354.36|354.97|365.13|367.18|363.88|372.34|372.77|374.3|373.72|
||2020|379.38|376.81|379.04|384.89|390.16|400.01|402.79|405.94|408.83|412.07|420.7|422.96|
||2021|436.57|426.7|436.71|442.11|443.79|460.0|464.42|477.62|485.52|488.7|500.64|552.84|
||2022|611.72|662.14|688.48|685.27|711.98|737.36|759.17|789.45|824.69|856.64|883.79|905.11|
||2023|940.91|959.45|983.91|992.96|1003.8|1027.11|1111.89|1226.82|1265.19|1296.87|1334.6|1360.8|
||2024|1444.79|1505.51|1551.59|1600.26|1636.69|1673.33|1728.75|1759.2|1799.36|1817.01|1859.18|1892.28|
||2025|1986.6|2047.32|2096.38|2155.24|2195.1|2234.07|2288.79|2302.45|2346.24|2346.89|2367.42||
|123. (Personal Effects N.E.C.)|2005|111.89|108.23|109.95|111.71|111.92|112.99|110.71|113.36|117.08|120.83|122.59|128.37|
||2006|132.45|134.07|134.36|145.15|166.09|162.16|169.48|162.29|157.2|155.75|161.29|159.62|
||2007|158.73|162.39|161.99|163.51|160.01|156.16|155.02|157.18|160.91|161.47|169.74|166.85|
||2008|177.59|186.88|198.64|201.34|191.65|189.72|195.54|178.99|179.37|205.25|204.4|213.14|
||2009|224.35|250.18|256.53|234.28|236.42|241.67|236.77|234.87|246.0|252.58|268.46|273.53|
||2010|269.12|268.63|276.03|274.83|292.98|305.16|293.76|290.7|299.75|304.38|309.12|326.74|
||2011|330.5|332.54|342.25|342.6|355.85|365.97|380.33|430.84|458.33|440.28|447.83|446.38|
||2012|440.66|439.24|435.88|431.86|425.3|430.35|426.68|428.91|457.16|463.3|456.2|450.71|
||2013|443.45|436.44|434.37|415.33|404.1|401.43|394.52|413.76|426.21|416.48|412.94|407.0|
||2014|429.36|441.11|452.72|436.58|432.81|434.5|442.16|445.54|446.14|452.03|440.5|451.46|
||2015|466.31|478.23|483.2|497.31|498.6|505.45|493.51|509.09|534.36|540.11|517.21|517.05|
||2016|533.53|554.44|565.61|558.73|579.21|579.59|603.58|610.13|608.31|609.24|627.06|623.98|
||2017|675.23|683.35|684.33|701.29|681.37|683.21|677.38|688.25|701.56|716.99|750.66|739.11|
||2018|755.22|760.58|773.02|806.15|845.52|869.56|864.54|986.99|1075.8|1032.55|971.17|982.16|
||2019|1006.04|1002.49|1019.78|1050.87|1093.05|1107.57|1116.6|1156.65|1179.87|1184.83|1163.88|1181.41|
||2020|1238.21|1279.86|1314.77|1461.06|1512.95|1507.56|1589.18|1777.28|1781.83|1846.83|1858.25|1800.26|
||2021|1760.74|1689.42|1730.96|1820.12|1917.1|1964.17|1935.45|1904.36|1919.37|2011.68|2268.75|2799.74|
||2022|2831.5|2933.26|3191.99|3256.99|3320.87|3475.75|3464.16|3639.36|3595.38|3606.94|3698.47|3810.45|
||2023|3975.44|3982.27|4044.7|4220.59|4339.57|4529.18|5089.15|5292.25|5396.1|5552.8|5679.83|5879.22|
||2024|6104.46|6202.32|6612.6|6835.88|6809.88|6893.67|7034.55|7292.98|7452.61|7615.44|7495.63|7597.24|
||2025|7713.56|8017.35|8177.61|8531.63|8682.88|8937.68|9045.13|9098.55|9362.59|9742.75|9857.19||
|124. (Social Protection)|2005|131.3|129.7|130.61|131.08|131.37|135.88|136.9|139.69|146.0|146.95|147.03|146.75|
||2006|147.07|148.6|149.26|149.83|150.01|152.56|152.86|154.44|160.72|162.26|162.12|162.47|
||2007|163.95|165.0|165.34|165.6|165.99|167.14|167.4|168.46|175.5|178.07|178.75|178.69|
||2008|178.81|179.81|180.65|181.4|182.12|182.69|183.73|185.41|195.57|196.08|196.25|195.97|
||2009|196.12|196.73|197.33|198.18|198.45|198.34|198.04|198.29|202.81|203.46|203.31|202.46|
||2010|202.43|202.92|203.6|203.75|204.68|205.44|205.6|205.89|210.91|213.68|214.19|214.26|
||2011|214.67|215.15|215.74|216.3|216.92|217.42|217.62|218.68|226.87|228.64|229.38|229.65|
||2012|230.07|231.27|231.65|231.93|232.22|232.65|234.0|236.24|242.86|245.55|247.2|247.48|
||2013|248.16|249.37|250.56|250.55|251.15|252.04|254.13|254.8|263.88|265.15|266.02|266.88|
||2014|267.42|268.27|268.84|269.89|271.02|271.85|272.87|275.41|284.95|286.07|287.1|287.81|
||2015|289.47|290.69|290.81|292.23|293.23|293.88|294.6|297.36|311.74|316.11|316.2|316.41|
||2016|318.04|319.38|320.78|320.94|320.09|323.07|325.28|329.43|343.68|346.68|347.4|348.47|
||2017|350.54|351.96|355.0|354.81|355.45|358.8|360.73|363.9|378.79|380.27|380.56|380.87|
||2018|383.96|387.18|389.72|391.52|393.4|397.7|399.6|402.25|427.44|432.75|433.84|433.92|
||2019|436.18|440.28|444.11|447.7|451.36|455.84|462.42|468.96|499.89|502.47|503.54|504.3|
||2020|509.43|512.03|512.48|512.48|512.48|522.66|532.71|543.4|570.0|591.82|595.34|595.48|
||2021|601.56|603.82|611.0|613.38|614.55|620.81|628.76|642.22|686.64|689.13|690.49|693.54|
||2022|736.12|770.83|788.96|802.21|824.5|848.15|883.17|903.85|1010.98|1026.38|1033.82|1036.87|
||2023|1168.15|1244.13|1277.96|1293.64|1333.71|1418.32|1605.51|1758.16|2159.23|2293.18|2320.61|2337.21|
||2024|2684.82|2913.33|2943.05|2965.23|3046.81|3117.62|3264.54|3364.52|4167.42|4275.01|4298.88|4315.02|
||2025|4636.79|4850.14|4920.28|4989.48|5056.41|5149.57|5260.47|5415.79|6001.27|6095.08|6097.2||
|125. (Insurance)|2005|127.14|130.53|128.74|123.83|122.0|127.27|126.82|130.87|132.18|130.54|135.38|135.42|
||2006|136.48|143.56|142.2|143.94|144.06|143.25|144.44|149.08|144.81|146.01|145.81|147.39|
||2007|151.08|153.45|154.86|155.78|156.41|159.84|159.44|161.69|159.24|167.01|165.59|163.89|
||2008|167.94|166.93|165.85|165.53|163.96|163.3|161.68|157.89|157.71|155.08|153.79|152.52|
||2009|154.69|153.42|153.28|154.55|154.18|156.09|161.32|160.44|163.36|164.07|163.99|166.07|
||2010|171.14|173.01|173.98|173.07|173.38|172.95|176.84|176.06|176.39|175.94|176.74|177.16|
||2011|179.72|180.2|180.12|180.45|183.63|184.4|187.25|189.67|189.93|191.96|194.1|195.14|
||2012|199.24|201.7|200.39|201.93|202.1|203.95|210.94|216.24|231.52|239.8|254.86|260.6|
||2013|268.25|270.89|274.69|275.35|273.78|270.38|275.3|278.83|275.01|275.87|275.18|273.51|
||2014|271.63|270.36|277.29|278.07|273.48|272.12|267.54|263.62|260.59|260.9|260.88|261.27|
||2015|265.81|268.07|268.45|275.2|284.44|284.33|303.2|319.28|338.82|364.88|388.38|400.97|
||2016|423.08|438.77|449.65|464.23|467.61|462.42|469.28|467.48|465.64|467.08|464.04|466.28|
||2017|472.08|474.91|472.51|442.45|413.05|409.71|407.73|408.89|407.65|409.51|413.27|412.22|
||2018|443.35|445.73|450.87|450.13|453.44|459.51|466.59|478.04|499.7|525.54|520.74|520.01|
||2019|538.78|543.82|552.15|557.48|561.94|564.18|568.07|573.21|581.09|582.21|578.58|574.0|
||2020|593.34|586.35|585.26|581.18|579.32|578.26|569.73|570.36|583.18|589.71|594.11|599.32|
||2021|614.25|597.84|589.39|581.26|585.38|596.46|589.86|592.12|596.56|617.32|651.79|821.79|
||2022|888.2|963.04|1004.47|1077.66|1138.36|1361.38|1451.24|1500.68|1649.05|1698.73|1741.02|1808.02|
||2023|1893.87|1934.47|1945.46|1977.99|2137.41|2190.91|2335.61|2367.31|2309.73|2304.39|2330.58|2364.42|
||2024|2747.0|2898.59|3017.27|3171.54|3295.58|3230.83|3446.02|3566.73|3662.16|3767.75|3887.77|4040.0|
||2025|4366.13|4528.41|4495.27|4641.74|4738.82|4798.94|4944.2|4969.79|4871.41|4918.81|4950.43||
|126. (Financial Services N.E.C.)|2005|124.54|126.59|126.59|128.68|128.66|128.66|128.66|128.66|128.66|128.66|135.43|142.2|
||2006|142.2|143.59|143.59|143.59|143.59|147.06|148.93|155.72|155.72|155.72|155.72|155.72|
||2007|158.72|154.46|154.46|154.46|154.46|154.46|154.46|155.98|155.98|158.72|158.72|158.72|
||2008|158.72|158.72|158.72|158.72|158.72|158.72|161.4|164.08|164.08|164.08|166.99|170.17|
||2009|179.76|183.03|196.56|196.56|196.56|208.21|208.21|208.21|208.21|208.2|208.2|208.2|
||2010|217.7|217.7|217.7|217.7|217.7|217.7|217.7|230.6|230.6|230.6|224.89|231.56|
||2011|238.22|238.22|258.34|258.34|258.34|273.64|273.64|273.64|273.64|281.75|307.01|307.01|
||2012|307.01|307.01|307.01|307.01|307.01|307.01|332.94|332.94|332.94|332.94|332.94|332.94|
||2013|332.94|332.94|332.94|332.94|332.94|332.94|332.94|332.94|332.94|332.94|332.94|332.94|
||2014|332.94|332.94|332.94|332.94|332.94|332.94|332.94|332.94|332.94|332.94|332.94|332.94|
||2015|335.53|338.27|338.27|338.27|338.27|338.27|338.27|338.27|338.27|338.27|338.27|338.27|
||2016|361.58|386.86|386.86|386.86|386.86|386.86|401.51|401.51|401.51|401.51|416.73|437.19|
||2017|454.99|469.02|469.02|469.02|469.02|471.68|483.49|517.3|517.3|517.3|517.3|517.3|
||2018|530.76|553.14|570.75|585.6|585.6|591.05|609.29|609.29|609.29|609.29|609.29|609.29|
||2019|658.86|673.69|673.69|673.69|673.69|673.69|681.48|714.95|714.95|734.13|734.13|734.13|
||2020|756.55|778.35|52.91|52.91|52.91|52.91|52.91|52.91|52.91|52.91|52.91|52.91|
||2021|59.17|60.49|60.49|60.49|60.49|60.48|60.47|60.47|60.47|60.47|60.47|60.47|
||2022|66.77|77.87|77.87|77.87|77.87|77.87|77.87|77.87|81.97|81.97|81.97|81.97|
||2023|124.41|135.14|135.14|135.14|135.14|135.14|135.14|135.14|135.14|135.14|135.14|135.14|
||2024|223.11|223.11|223.11|223.11|223.11|223.11|223.11|223.11|223.11|223.11|223.11|223.11|
||2025|321.98|321.98|321.98|321.98|321.98|321.98|321.98|321.98|321.98|321.98|321.98||
|127. (Other Services N.E.C.)|2005|139.75|139.88|142.35|144.01|144.0|144.01|144.05|144.08|144.15|144.23|144.25|144.23|
||2006|154.49|154.49|159.5|159.64|159.64|159.62|160.14|160.28|160.4|160.5|160.51|160.54|
||2007|168.8|168.8|173.09|173.22|173.21|173.31|173.34|173.36|173.37|173.4|173.42|173.42|
||2008|182.14|182.14|186.65|186.77|186.85|186.92|186.92|186.93|187.12|187.24|187.61|187.72|
||2009|202.63|202.68|207.95|207.97|208.09|208.1|223.52|238.9|238.96|238.99|239.01|239.07|
||2010|252.24|252.21|254.16|254.16|254.19|233.59|212.98|213.14|213.3|213.34|213.39|213.48|
||2011|228.2|228.22|229.32|229.34|229.39|229.35|229.37|229.4|230.46|230.45|230.53|230.73|
||2012|258.82|258.81|260.23|260.28|260.42|260.59|260.71|260.8|260.99|261.09|261.2|261.24|
||2013|292.3|292.61|293.73|293.77|293.72|293.76|293.84|293.93|294.18|294.33|294.36|294.51|
||2014|311.52|312.0|313.64|313.84|313.87|314.0|314.13|314.11|314.31|314.36|314.43|314.52|
||2015|343.47|343.55|345.3|345.73|346.11|346.28|346.44|346.56|346.91|347.43|347.63|347.68|
||2016|376.68|376.82|378.18|378.26|378.36|378.44|378.51|378.54|378.88|379.06|379.22|379.32|
||2017|401.03|401.24|402.91|403.17|403.21|403.26|403.41|403.44|403.56|403.59|403.87|403.99|
||2018|453.98|454.48|457.06|456.99|457.09|457.57|457.85|458.35|461.09|461.97|462.44|462.73|
||2019|561.95|562.13|562.31|567.4|567.73|567.92|567.9|568.0|568.4|568.57|568.66|568.88|
||2020|682.86|683.29|688.64|688.68|688.77|688.89|689.03|689.22|689.42|689.5|689.91|721.36|
||2021|763.31|763.8|773.15|773.52|773.84|774.79|775.29|775.65|776.12|776.25|809.42|852.01|
||2022|997.14|999.25|1001.23|1020.53|1022.91|1024.24|1025.4|1027.62|1029.34|1031.28|1032.35|1033.04|
||2023|1762.51|1767.08|1866.87|1868.92|1870.65|1874.58|1976.24|2015.42|2145.32|2280.01|2283.5|2286.97|
||2024|3148.2|3163.89|3173.51|3363.52|3368.65|3373.63|3383.45|3395.09|3406.28|3613.57|3618.48|3626.9|
||2025|4732.65|4743.58|4747.73|4755.3|4758.6|4762.11|4766.98|4773.33|4777.39|4780.29|4932.3||
|||||||||||||||
